Workbook
Name Slicer_Category: #N/A
Name Slicer_Customer_Location: #N/A
Name Slicer_Date_: #N/A
Name Slicer_Month: #N/A
Name Slicer_Payment_Method: #N/A
Name Slicer_Product: #N/A
Name Slicer_Status: #N/A
Name Slicer_Year: #N/A

Sheet Home

Sheet Raw_data
A1: Order ID | B1: Date | C1: Product | D1: Category | E1: Price | F1: Quantity | G1: Total Sales | H1: Customer Name | I1: Customer Location | J1: Payment Method | K1: Status
A2: ORD0001 | B2: 14-03-25 | C2: Running Shoes | D2: Footwear | E2: 60 | F2: 3 | G2: 180 | H2: Emma Clark | I2: New York | J2: Debit Card | K2: Cancelled
A3: ORD0002 | B3: 20-03-25 | C3: Headphones | D3: Electronics | E3: 100 | F3: 4 | G3: 400 | H3: Emily Johnson | I3: San Francisco | J3: Debit Card | K3: Pending
A4: ORD0003 | B4: 15-02-25 | C4: Running Shoes | D4: Footwear | E4: 60 | F4: 2 | G4: 120 | H4: John Doe | I4: Denver | J4: Amazon Pay | K4: Cancelled
A5: ORD0004 | B5: 19-02-25 | C5: Running Shoes | D5: Footwear | E5: 60 | F5: 3 | G5: 180 | H5: Olivia Wilson | I5: Dallas | J5: Credit Card | K5: Pending
A6: ORD0005 | B6: 45933 | C6: Smartwatch | D6: Electronics | E6: 150 | F6: 3 | G6: 450 | H6: Emma Clark | I6: New York | J6: Debit Card | K6: Pending
A7: ORD0006 | B7: 14-03-25 | C7: T-Shirt | D7: Clothing | E7: 20 | F7: 1 | G7: 20 | H7: John Doe | I7: Dallas | J7: Credit Card | K7: Pending
A8: ORD0007 | B8: 18-03-25 | C8: Smartwatch | D8: Electronics | E8: 150 | F8: 4 | G8: 600 | H8: Emma Clark | I8: Houston | J8: PayPal | K8: Completed
A9: ORD0008 | B9: 45691 | C9: Smartphone | D9: Electronics | E9: 500 | F9: 1 | G9: 500 | H9: Sophia Miller | I9: Miami | J9: PayPal | K9: Completed
A10: ORD0009 | B10: 45872 | C10: T-Shirt | D10: Clothing | E10: 20 | F10: 3 | G10: 60 | H10: Sophia Miller | I10: Boston | J10: PayPal | K10: Completed
A11: ORD0010 | B11: 45994 | C11: Smartphone | D11: Electronics | E11: 500 | F11: 1 | G11: 500 | H11: Emily Johnson | I11: San Francisco | J11: Credit Card | K11: Cancelled
A12: ORD0011 | B12: 17-02-25 | C12: Book | E12: 15 | F12: 2 | G12: 30 | H12: David Lee | I12: Boston | J12: Amazon Pay | K12: Pending
A13: ORD0012 | B13: 13-03-25 | C13: Jeans | D13: Clothing | E13: 40 | G13: 160 | H13: Michael Brown | I13: Dallas | J13: Credit Card | K13: Completed
A14: ORD0013 | B14: 45660 | D14: Electronics | F14: 2 | G14: 1600 | H14: Daniel Harris | I14: San Francisco | J14: Gift Card | K14: Pending
A15: ORD0014 | B15: 45750 | C15: Washing Machine | D15: Home Appliances | E15: 600 | F15: 3 | G15: 1800 | H15: Michael Brown | I15: Miami | J15: Credit Card | K15: Cancelled
A16: ORD0015 | B16: 20-02-25 | C16: Smartwatch | D16: Electronics | E16: 150 | F16: 4 | G16: 600 | H16: John Doe | I16: Seattle | J16: Credit Card | K16: Completed
A17: ORD0016 | B17: 26-02-25 | C17: Refrigerator | D17: Home Appliances | F17: 1 | G17: 1200 | H17: John Doe | I17: Boston | J17: Credit Card | K17: Cancelled
A18: ORD0017 | B18: 45661 | C18: T-Shirt | D18: Clothing | E18: 20 | F18: 1 | G18: 20 | H18: Emma Clark | I18: New York | J18: Amazon Pay | K18: Completed
A19: ORD0018 | B19: 45932 | C19: Smartphone | D19: Electronics | E19: 500 | F19: 2 | G19: 1000 | H19: Michael Brown | I19: Los Angeles | J19: Amazon Pay | K19: Completed
A20: ORD0019 | B20: 22-03-25 | C20: Running Shoes | D20: Footwear | E20: 60 | F20: 3 | G20: 180 | H20: Olivia Wilson | I20: Houston | J20: Credit Card | K20: Completed
A21: ORD0020 | B21: 45841 | C21: Headphones | D21: Electronics | E21: 100 | F21: 4 | G21: 400 | H21: Olivia Wilson | I21: Seattle | J21: Debit Card | K21: Pending
A22: ORD0021 | B22: 45779 | D22: Electronics | E22: 100 | F22: 3 | G22: 300 | H22: Chris White | I22: Miami | J22: Debit Card | K22: Cancelled
A23: ORD0022 | B23: 45841 | C23: Refrigerator | D23: Home Appliances | E23: 1200 | F23: 4 | G23: 4800 | H23: Olivia Wilson | I23: Houston | J23: Credit Card | K23: Pending
A24: ORD0023 | B24: 23-02-25 | C24: Book | D24: Books | E24: 15 | F24: 1 | G24: 15 | H24: Emma Clark | I24: Houston | J24: Credit Card | K24: Pending
A25: ORD0024 | B25: 24-03-25 | C25: Refrigerator | D25: Home Appliances | E25: 1200 | F25: 3 | G25: 3600 | H25: Chris White | I25: Dallas | J25: Credit Card | K25: Cancelled
A26: ORD0025 | B26: 45691 | C26: Book | D26: Books | E26: 15 | F26: 5 | G26: 75 | H26: Sophia Miller | I26: Seattle | J26: Amazon Pay | K26: Completed
A27: ORD0026 | B27: 14-02-25 | C27: Washing Machine | D27: Home Appliances | E27: 600 | F27: 1 | G27: 600 | H27: Olivia Wilson | I27: Boston | J27: Debit Card | K27: Cancelled
A28: ORD0027 | B28: 45840 | C28: T-Shirt | E28: 20 | G28: 20 | H28: Daniel Harris | I28: New York | J28: Amazon Pay | K28: Pending
A29: ORD0028 | B29: 45718 | C29: Headphones | D29: Electronics | E29: 100 | F29: 1 | G29: 100 | H29: Jane Smith | I29: Chicago | J29: Amazon Pay | K29: Completed
A30: ORD0029 | B30: 45993 | C30: Smartphone | D30: Electronics | E30: 500 | F30: 1 | G30: 500 | H30: Sophia Miller | I30: Denver | J30: Credit Card | K30: Cancelled
A31: ORD0030 | B31: 45932 | C31: Washing Machine | D31: Home Appliances | E31: 600 | F31: 3 | G31: 1800 | H31: Emily Johnson | I31: Dallas | J31: Gift Card | K31: Cancelled
A32: ORD0031 | B32: 24-03-25 | C32: Smartphone | D32: Electronics | F32: 1 | G32: 500 | H32: John Doe | I32: Houston | J32: Gift Card | K32: Pending
A33: ORD0032 | B33: 45933 | C33: Smartphone | D33: Electronics | E33: 500 | F33: 4 | G33: 2000 | H33: Michael Brown | I33: Seattle | J33: PayPal | K33: Pending
A34: ORD0033 | B34: 45749 | D34: Books | E34: 15 | F34: 1 | G34: 15 | H34: Olivia Wilson | I34: New York | J34: Debit Card | K34: Cancelled
A35: ORD0034 | B35: 45692 | C35: T-Shirt | D35: Clothing | E35: 20 | F35: 5 | G35: 100 | H35: Jane Smith | I35: New York | J35: Credit Card | K35: Pending
A36: ORD0035 | B36: 45692 | C36: Laptop | D36: Electronics | E36: 800 | F36: 3 | G36: 2400 | H36: Emma Clark | I36: Denver | J36: Amazon Pay | K36: Completed
A37: ORD0036 | B37: 45902 | C37: Refrigerator | D37: Home Appliances | E37: 1200 | F37: 2 | G37: 2400 | H37: Sophia Miller | I37: Boston | J37: PayPal | K37: Cancelled
A38: ORD0037 | B38: 16-02-25 | C38: Headphones | D38: Electronics | E38: 100 | F38: 3 | G38: 300 | H38: Michael Brown | I38: New York | J38: Debit Card | K38: Cancelled
A39: ORD0038 | B39: 26-03-25 | C39: Laptop | D39: Electronics | E39: 800 | F39: 3 | G39: 2400 | H39: Olivia Wilson | I39: Chicago | J39: Amazon Pay | K39: Completed
A40: ORD0039 | B40: 45691 | C40: Laptop | E40: 800 | F40: 2 | G40: 1600 | H40: Olivia Wilson | I40: San Francisco | J40: PayPal | K40: Completed
A41: ORD0040 | B41: 26-03-25 | C41: Smartwatch | D41: Electronics | E41: 150 | F41: 1 | G41: 150 | H41: Emily Johnson | I41: Seattle | J41: Gift Card | K41: Pending
A42: ORD0041 | B42: 20-02-25 | C42: Book | D42: Books | E42: 15 | F42: 1 | G42: 15 | H42: Jane Smith | I42: Miami | J42: Credit Card | K42: Cancelled
A43: ORD0042 | B43: 17-03-25 | D43: Electronics | E43: 100 | F43: 3 | G43: 300 | H43: Jane Smith | I43: Chicago | J43: Amazon Pay | K43: Cancelled
A44: ORD0043 | B44: 45871 | C44: T-Shirt | D44: Clothing | G44: 80 | H44: Jane Smith | I44: Denver | J44: Credit Card | K44: Pending
A45: ORD0044 | B45: 24-03-25 | C45: Smartwatch | D45: Electronics | E45: 150 | F45: 1 | G45: 150 | H45: Chris White | I45: Houston | J45: Debit Card | K45: Pending
A46: ORD0045 | B46: 15-03-25 | C46: Refrigerator | D46: Home Appliances | E46: 1200 | F46: 3 | G46: 3600 | H46: Daniel Harris | I46: New York | J46: Credit Card | K46: Pending
A47: ORD0046 | B47: 45811 | C47: Running Shoes | D47: Footwear | E47: 60 | F47: 2 | G47: 120 | H47: David Lee | I47: Houston | J47: Debit Card | K47: Cancelled
A48: ORD0047 | B48: 26-03-25 | C48: T-Shirt | D48: Clothing | E48: 20 | F48: 2 | G48: 40 | H48: Chris White | I48: Miami | J48: Gift Card | K48: Cancelled
A49: ORD0048 | B49: 45963 | C49: T-Shirt | D49: Clothing | E49: 20 | F49: 5 | G49: 100 | H49: Jane Smith | I49: Denver | J49: Amazon Pay | K49: Completed
A50: ORD0049 | B50: 18-02-25 | C50: Smartphone | D50: Electronics | F50: 4 | G50: 2000 | H50: Emma Clark | I50: Chicago | J50: Debit Card | K50: Completed
A51: ORD0050 | B51: 14-03-25 | C51: Jeans | D51: Clothing | E51: 40 | F51: 3 | G51: 120 | H51: John Doe | I51: Boston | J51: Gift Card | K51: Completed
A52: ORD0051 | B52: 19-02-25 | C52: Book | D52: Books | E52: 15 | F52: 1 | G52: 15 | H52: Emma Clark | I52: Houston | J52: Gift Card | K52: Cancelled
A53: ORD0052 | B53: 24-02-25 | C53: Laptop | D53: Electronics | E53: 800 | F53: 3 | G53: 2400 | H53: John Doe | I53: San Francisco | J53: Credit Card | K53: Pending
A54: ORD0053 | B54: 24-03-25 | C54: Running Shoes | D54: Footwear | E54: 60 | F54: 4 | G54: 240 | H54: Emily Johnson | I54: Los Angeles | J54: PayPal | K54: Completed
A55: ORD0054 | B55: 15-03-25 | C55: Smartwatch | D55: Electronics | E55: 150 | F55: 3 | G55: 450 | H55: David Lee | I55: Boston | J55: Gift Card | K55: Pending
A56: ORD0055 | B56: 15-03-25 | C56: Jeans | E56: 40 | F56: 2 | G56: 80 | H56: Sophia Miller | I56: Dallas | J56: PayPal | K56: Completed
A57: ORD0056 | B57: 19-03-25 | C57: Smartwatch | D57: Electronics | E57: 150 | F57: 2 | G57: 300 | H57: Emma Clark | I57: Dallas | J57: Credit Card | K57: Completed
A58: ORD0057 | B58: 15-03-25 | C58: Smartphone | D58: Electronics | E58: 500 | F58: 1 | G58: 500 | H58: Jane Smith | I58: Los Angeles | J58: Debit Card | K58: Cancelled
A59: ORD0058 | B59: 13-03-25 | D59: Electronics | E59: 500 | F59: 1 | G59: 500 | H59: Jane Smith | I59: Chicago | J59: PayPal | K59: Cancelled
A60: ORD0059 | B60: 45661 | C60: Smartwatch | D60: Electronics | E60: 150 | F60: 2 | G60: 300 | H60: Daniel Harris | I60: Dallas | J60: Credit Card | K60: Cancelled
A61: ORD0060 | B61: 45994 | C61: Book | D61: Books | E61: 15 | F61: 5 | G61: 75 | H61: Jane Smith | I61: Dallas | J61: Credit Card | K61: Pending
A62: ORD0061 | B62: 45964 | C62: Refrigerator | D62: Home Appliances | G62: 1200 | H62: Jane Smith | I62: New York | J62: PayPal | K62: Cancelled
A63: ORD0062 | B63: 45932 | C63: Laptop | D63: Electronics | E63: 800 | F63: 5 | G63: 4000 | H63: Olivia Wilson | I63: San Francisco | J63: PayPal | K63: Completed
A64: ORD0063 | B64: 30-03-25 | C64: Smartphone | D64: Electronics | E64: 500 | F64: 5 | G64: 2500 | H64: Emma Clark | I64: Miami | J64: Gift Card | K64: Completed
A65: ORD0064 | B65: 13-02-25 | C65: Refrigerator | E65: 1200 | F65: 4 | G65: 4800 | H65: Emily Johnson | I65: Denver | J65: PayPal | K65: Pending
A66: ORD0065 | B66: 16-03-25 | C66: Book | D66: Books | E66: 15 | F66: 3 | G66: 45 | H66: Emma Clark | I66: San Francisco | J66: Amazon Pay | K66: Pending
A67: ORD0066 | B67: 14-03-25 | C67: Smartwatch | D67: Electronics | E67: 150 | F67: 2 | G67: 300 | H67: Michael Brown | I67: Denver | J67: PayPal | K67: Pending
A68: ORD0067 | B68: 31-03-25 | C68: Headphones | D68: Electronics | E68: 100 | F68: 3 | G68: 300 | H68: Chris White | I68: New York | J68: Debit Card | K68: Pending
A69: ORD0068 | B69: 23-02-25 | C69: Headphones | D69: Electronics | E69: 100 | F69: 1 | G69: 100 | H69: David Lee | I69: Houston | J69: Debit Card | K69: Cancelled
A70: ORD0069 | B70: 25-02-25 | C70: Refrigerator | D70: Home Appliances | E70: 1200 | F70: 4 | G70: 4800 | H70: David Lee | I70: Boston | J70: Gift Card | K70: Pending
A71: ORD0070 | B71: 45933 | C71: Book | D71: Books | F71: 1 | G71: 15 | H71: Emily Johnson | I71: Boston | J71: Credit Card | K71: Completed
A72: ORD0071 | B72: 16-03-25 | C72: Smartwatch | D72: Electronics | E72: 150 | F72: 5 | G72: 750 | H72: John Doe | I72: Denver | J72: Credit Card | K72: Pending
A73: ORD0072 | B73: 45841 | C73: Laptop | D73: Electronics | E73: 800 | F73: 3 | G73: 2400 | H73: Daniel Harris | I73: Houston | J73: Credit Card | K73: Pending
A74: ORD0073 | B74: 20-02-25 | D74: Electronics | E74: 500 | F74: 5 | G74: 2500 | H74: Emily Johnson | I74: Miami | J74: Credit Card | K74: Cancelled
A75: ORD0074 | B75: 25-03-25 | C75: Refrigerator | D75: Home Appliances | E75: 1200 | F75: 4 | G75: 4800 | H75: Jane Smith | I75: Dallas | J75: Gift Card | K75: Cancelled
A76: ORD0075 | B76: 26-02-25 | C76: Headphones | D76: Electronics | E76: 100 | F76: 2 | G76: 200 | H76: Daniel Harris | I76: Boston | J76: PayPal | K76: Pending
A77: ORD0076 | B77: 24-02-25 | C77: Washing Machine | E77: 600 | F77: 1 | G77: 600 | H77: Jane Smith | I77: Dallas | J77: Amazon Pay | K77: Completed
A78: ORD0077 | B78: 20-03-25 | C78: Headphones | D78: Electronics | E78: 100 | F78: 2 | G78: 200 | H78: Daniel Harris | I78: Houston | J78: Credit Card | K78: Completed
A79: ORD0078 | B79: 18-03-25 | C79: Smartwatch | D79: Electronics | E79: 150 | F79: 2 | G79: 300 | H79: Emma Clark | I79: Los Angeles | J79: Gift Card | K79: Cancelled
A80: ORD0079 | B80: 45903 | C80: Running Shoes | D80: Footwear | E80: 60 | G80: 120 | H80: Emily Johnson | I80: Denver | J80: Gift Card | K80: Cancelled
A81: ORD0080 | B81: 23-02-25 | C81: Running Shoes | D81: Footwear | E81: 60 | F81: 4 | G81: 240 | H81: Sophia Miller | I81: San Francisco | J81: Debit Card | K81: Pending
A82: ORD0081 | B82: 26-02-25 | C82: Headphones | D82: Electronics | E82: 100 | F82: 3 | G82: 300 | H82: Michael Brown | I82: Chicago | J82: PayPal | K82: Cancelled
A83: ORD0082 | B83: 24-02-25 | C83: Smartphone | D83: Electronics | E83: 500 | F83: 3 | G83: 1500 | H83: Jane Smith | I83: Seattle | J83: Debit Card | K83: Cancelled
A84: ORD0083 | B84: 28-02-25 | C84: Washing Machine | D84: Home Appliances | E84: 600 | F84: 4 | G84: 2400 | H84: Emma Clark | I84: Houston | J84: Gift Card | K84: Cancelled
A85: ORD0084 | B85: 14-02-25 | C85: T-Shirt | D85: Clothing | E85: 20 | F85: 5 | G85: 100 | H85: Olivia Wilson | I85: Boston | J85: PayPal | K85: Completed
A86: ORD0085 | B86: 45810 | D86: Electronics | F86: 5 | G86: 2500 | H86: Michael Brown | I86: Houston | J86: PayPal | K86: Completed
A87: ORD0086 | B87: 25-02-25 | C87: Smartwatch | D87: Electronics | E87: 150 | F87: 5 | G87: 750 | H87: Jane Smith | I87: Dallas | J87: PayPal | K87: Cancelled
A88: ORD0087 | B88: 13-03-25 | C88: Running Shoes | D88: Footwear | E88: 60 | F88: 5 | G88: 300 | H88: Emma Clark | J88: Debit Card | K88: Completed
A89: ORD0088 | B89: 45810 | C89: Refrigerator | D89: Home Appliances | E89: 1200 | F89: 2 | G89: 2400 | H89: Chris White | I89: Seattle | J89: Debit Card | K89: Pending
A90: ORD0089 | B90: 26-03-25 | C90: Running Shoes | D90: Footwear | E90: 60 | F90: 5 | G90: 300 | H90: Emma Clark | I90: Los Angeles | J90: Credit Card | K90: Cancelled
A91: ORD0090 | B91: 24-03-25 | C91: Smartwatch | D91: Electronics | E91: 150 | F91: 5 | G91: 750 | H91: Emily Johnson | I91: Houston | J91: Amazon Pay | K91: Completed
A92: ORD0091 | B92: 45718 | C92: Laptop | F92: 4 | G92: 3200 | H92: Daniel Harris | I92: Houston | J92: Gift Card | K92: Pending
A93: ORD0092 | B93: 15-03-25 | C93: Smartphone | D93: Electronics | E93: 500 | F93: 2 | G93: 1000 | H93: Olivia Wilson | I93: Boston | J93: PayPal | K93: Cancelled
A94: ORD0093 | B94: 45811 | C94: Refrigerator | D94: Home Appliances | E94: 1200 | F94: 5 | G94: 6000 | H94: David Lee | I94: Denver | J94: PayPal | K94: Cancelled
A95: ORD0094 | B95: 25-03-25 | C95: Jeans | D95: Clothing | E95: 40 | F95: 5 | G95: 200 | H95: Daniel Harris | I95: Seattle | J95: Credit Card | K95: Cancelled
A96: ORD0095 | B96: 17-02-25 | C96: Smartwatch | D96: Electronics | E96: 150 | F96: 4 | G96: 600 | H96: Chris White | I96: New York | J96: Debit Card | K96: Cancelled
A97: ORD0096 | B97: 30-03-25 | C97: Smartwatch | D97: Electronics | E97: 150 | F97: 3 | G97: 450 | H97: Jane Smith | I97: New York | J97: Amazon Pay | K97: Completed
A98: ORD0097 | B98: 25-03-25 | D98: Books | E98: 15 | G98: 75 | H98: Olivia Wilson | I98: Chicago | J98: Amazon Pay | K98: Pending
A99: ORD0098 | B99: 14-02-25 | C99: Smartwatch | D99: Electronics | E99: 150 | F99: 2 | G99: 300 | H99: Chris White | I99: Miami | J99: PayPal | K99: Pending
A100: ORD0099 | B100: 18-02-25 | C100: Washing Machine | D100: Home Appliances | E100: 600 | F100: 5 | G100: 3000 | H100: Michael Brown | I100: Seattle | J100: Debit Card | K100: Completed
...

Sheet Cleanning_data
A1: Order ID | B1: Date | C1: Product | D1: Category | E1: Price | F1: Quantity | G1: Total Sales | H1: Customer Name | I1: Customer Location | J1: Payment Method | K1: Status | L1: Duplicate | M1: Date_text | N1: Date_ | O1: Month | P1: Year | R1: Columns | S1: NULL | T1: AVE | U1: MEDIAN | V1: MODE
A2: =IF(Raw_data!A2="",NA(),Raw_data!A2) -> ORD0001 | B2: =IF(Raw_data!B2="",NA(),Raw_data!B2) -> 14-03-25 | C2: =IF(Raw_data!C2="",NA(),Raw_data!C2) -> Running Shoes | D2: =IF(Raw_data!D2="",NA(),Raw_data!D2) -> Footwear | E2: =IF(Raw_data!E2="",NA(),Raw_data!E2) -> 60 | F2: =IF(Raw_data!F2="",NA(),Raw_data!F2) -> 3 | G2: =IF(Raw_data!G2="",NA(),Raw_data!G2) -> 180 | H2: =IF(Raw_data!H2="",NA(),Raw_data!H2) -> Emma Clark | ... K2: =IF(Raw_data!K2="",NA(),Raw_data!K2) -> Cancelled | L2: =COUNTIFS(A:A,A2,B:B,B2,C:C,C2,D:D,D2,E:E,E2,F:F,F2,G:G,G2,H:H,H2,I:I,I2,J:J,J2,K:K,K2) -> 1 | M2: =TEXT(B2,"dd-mm-yy") -> 14-03-25 | N2: =LEFT(Table2[[#This Row],[Date_text]],2) -> 14 | O2: =MID(Table2[[#This Row],[Date_text]],4,2) -> 03 | P2: =RIGHT(Table2[[#This Row],[Date_text]],2) -> 25 | R2: Order ID | S2: {=SUM(IF(Raw_data!A2:A255="",1,0))} -> 0
A3: =IF(Raw_data!A3="",NA(),Raw_data!A3) -> ORD0002 | B3: =IF(Raw_data!B3="",NA(),Raw_data!B3) -> 20-03-25 | C3: =IF(Raw_data!C3="",NA(),Raw_data!C3) -> Headphones | D3: =IF(Raw_data!D3="",NA(),Raw_data!D3) -> Electronics | E3: =IF(Raw_data!E3="",NA(),Raw_data!E3) -> 100 | F3: =IF(Raw_data!F3="",NA(),Raw_data!F3) -> 4 | G3: =IF(Raw_data!G3="",NA(),Raw_data!G3) -> 400 | H3: =IF(Raw_data!H3="",NA(),Raw_data!H3) -> Emily Johnson | ... K3: =IF(Raw_data!K3="",NA(),Raw_data!K3) -> Pending | L3: =COUNTIFS(A:A,A3,B:B,B3,C:C,C3,D:D,D3,E:E,E3,F:F,F3,G:G,G3,H:H,H3,I:I,I3,J:J,J3,K:K,K3) -> 1 | M3: =TEXT(B3,"dd-mm-yy") -> 20-03-25 | N3: =LEFT(Table2[[#This Row],[Date_text]],2) -> 20 | O3: =MID(Table2[[#This Row],[Date_text]],4,2) -> 03 | P3: =RIGHT(Table2[[#This Row],[Date_text]],2) -> 25 | R3: Date | S3: {=SUM(IF(Raw_data!B2:B255="",1,0))} -> 0
A4: =IF(Raw_data!A4="",NA(),Raw_data!A4) -> ORD0003 | B4: =IF(Raw_data!B4="",NA(),Raw_data!B4) -> 15-02-25 | C4: =IF(Raw_data!C4="",NA(),Raw_data!C4) -> Running Shoes | D4: =IF(Raw_data!D4="",NA(),Raw_data!D4) -> Footwear | E4: =IF(Raw_data!E4="",NA(),Raw_data!E4) -> 60 | F4: =IF(Raw_data!F4="",NA(),Raw_data!F4) -> 2 | G4: =IF(Raw_data!G4="",NA(),Raw_data!G4) -> 120 | H4: =IF(Raw_data!H4="",NA(),Raw_data!H4) -> John Doe | ... K4: =IF(Raw_data!K4="",NA(),Raw_data!K4) -> Cancelled | L4: =COUNTIFS(A:A,A4,B:B,B4,C:C,C4,D:D,D4,E:E,E4,F:F,F4,G:G,G4,H:H,H4,I:I,I4,J:J,J4,K:K,K4) -> 1 | M4: =TEXT(B4,"dd-mm-yy") -> 15-02-25 | N4: =LEFT(Table2[[#This Row],[Date_text]],2) -> 15 | O4: =MID(Table2[[#This Row],[Date_text]],4,2) -> 02 | P4: =RIGHT(Table2[[#This Row],[Date_text]],2) -> 25 | R4: Product | S4: {=SUM(IF(Raw_data!C2:C255="",1,0))} -> 21 | V4: Smartwatch
A5: =IF(Raw_data!A5="",NA(),Raw_data!A5) -> ORD0004 | B5: =IF(Raw_data!B5="",NA(),Raw_data!B5) -> 19-02-25 | C5: =IF(Raw_data!C5="",NA(),Raw_data!C5) -> Running Shoes | D5: =IF(Raw_data!D5="",NA(),Raw_data!D5) -> Footwear | E5: =IF(Raw_data!E5="",NA(),Raw_data!E5) -> 60 | F5: =IF(Raw_data!F5="",NA(),Raw_data!F5) -> 3 | G5: =IF(Raw_data!G5="",NA(),Raw_data!G5) -> 180 | H5: =IF(Raw_data!H5="",NA(),Raw_data!H5) -> Olivia Wilson | ... K5: =IF(Raw_data!K5="",NA(),Raw_data!K5) -> Pending | L5: =COUNTIFS(A:A,A5,B:B,B5,C:C,C5,D:D,D5,E:E,E5,F:F,F5,G:G,G5,H:H,H5,I:I,I5,J:J,J5,K:K,K5) -> 1 | M5: =TEXT(B5,"dd-mm-yy") -> 19-02-25 | N5: =LEFT(Table2[[#This Row],[Date_text]],2) -> 19 | O5: =MID(Table2[[#This Row],[Date_text]],4,2) -> 02 | P5: =RIGHT(Table2[[#This Row],[Date_text]],2) -> 25 | R5: Category | S5: {=SUM(IF(Raw_data!D2:D255="",1,0))} -> 14 | V5: Electronics
A6: =IF(Raw_data!A6="",NA(),Raw_data!A6) -> ORD0005 | B6: =IF(Raw_data!B6="",NA(),Raw_data!B6) -> 45933 | C6: =IF(Raw_data!C6="",NA(),Raw_data!C6) -> Smartwatch | D6: =IF(Raw_data!D6="",NA(),Raw_data!D6) -> Electronics | E6: =IF(Raw_data!E6="",NA(),Raw_data!E6) -> 150 | F6: =IF(Raw_data!F6="",NA(),Raw_data!F6) -> 3 | G6: =IF(Raw_data!G6="",NA(),Raw_data!G6) -> 450 | H6: =IF(Raw_data!H6="",NA(),Raw_data!H6) -> Emma Clark | ... K6: =IF(Raw_data!K6="",NA(),Raw_data!K6) -> Pending | L6: =COUNTIFS(A:A,A6,B:B,B6,C:C,C6,D:D,D6,E:E,E6,F:F,F6,G:G,G6,H:H,H6,I:I,I6,J:J,J6,K:K,K6) -> 1 | M6: =TEXT(B6,"dd-mm-yy") -> 03-10-25 | N6: =LEFT(Table2[[#This Row],[Date_text]],2) -> 03 | O6: =MID(Table2[[#This Row],[Date_text]],4,2) -> 10 | P6: =RIGHT(Table2[[#This Row],[Date_text]],2) -> 25 | R6: Price | S6: {=SUM(IF(Raw_data!E2:E255="",1,0))} -> 17 | T6: =_xlfn.AGGREGATE(1,6,Raw_data!E1:E255) -> 334.70464 | U6: =_xlfn.AGGREGATE(12,6,Raw_data!E1:E255) -> 150
A7: =IF(Raw_data!A7="",NA(),Raw_data!A7) -> ORD0006 | B7: =IF(Raw_data!B7="",NA(),Raw_data!B7) -> 14-03-25 | C7: =IF(Raw_data!C7="",NA(),Raw_data!C7) -> T-Shirt | D7: =IF(Raw_data!D7="",NA(),Raw_data!D7) -> Clothing | E7: =IF(Raw_data!E7="",NA(),Raw_data!E7) -> 20 | F7: =IF(Raw_data!F7="",NA(),Raw_data!F7) -> 1 | G7: =IF(Raw_data!G7="",NA(),Raw_data!G7) -> 20 | H7: =IF(Raw_data!H7="",NA(),Raw_data!H7) -> John Doe | ... K7: =IF(Raw_data!K7="",NA(),Raw_data!K7) -> Pending | L7: =COUNTIFS(A:A,A7,B:B,B7,C:C,C7,D:D,D7,E:E,E7,F:F,F7,G:G,G7,H:H,H7,I:I,I7,J:J,J7,K:K,K7) -> 1 | M7: =TEXT(B7,"dd-mm-yy") -> 14-03-25 | N7: =LEFT(Table2[[#This Row],[Date_text]],2) -> 14 | O7: =MID(Table2[[#This Row],[Date_text]],4,2) -> 03 | P7: =RIGHT(Table2[[#This Row],[Date_text]],2) -> 25 | R7: Quantity | S7: {=SUM(IF(Raw_data!F2:F255="",1,0))} -> 16 | T7: =_xlfn.AGGREGATE(1,6,Raw_data!F1:F255) -> 2.8781513 | U7: =_xlfn.AGGREGATE(12,6,Raw_data!F1:F255) -> 3
A8: =IF(Raw_data!A8="",NA(),Raw_data!A8) -> ORD0007 | B8: =IF(Raw_data!B8="",NA(),Raw_data!B8) -> 18-03-25 | C8: =IF(Raw_data!C8="",NA(),Raw_data!C8) -> Smartwatch | D8: =IF(Raw_data!D8="",NA(),Raw_data!D8) -> Electronics | E8: =IF(Raw_data!E8="",NA(),Raw_data!E8) -> 150 | F8: =IF(Raw_data!F8="",NA(),Raw_data!F8) -> 4 | G8: =IF(Raw_data!G8="",NA(),Raw_data!G8) -> 600 | H8: =IF(Raw_data!H8="",NA(),Raw_data!H8) -> Emma Clark | ... K8: =IF(Raw_data!K8="",NA(),Raw_data!K8) -> Completed | L8: =COUNTIFS(A:A,A8,B:B,B8,C:C,C8,D:D,D8,E:E,E8,F:F,F8,G:G,G8,H:H,H8,I:I,I8,J:J,J8,K:K,K8) -> 1 | M8: =TEXT(B8,"dd-mm-yy") -> 18-03-25 | N8: =LEFT(Table2[[#This Row],[Date_text]],2) -> 18 | O8: =MID(Table2[[#This Row],[Date_text]],4,2) -> 03 | P8: =RIGHT(Table2[[#This Row],[Date_text]],2) -> 25 | R8: Total Sales | S8: {=SUM(IF(Raw_data!G2:G255="",1,0))} -> 0 | T8: =_xlfn.AGGREGATE(1,6,Raw_data!G1:G255) -> 991.51575 | U8: =_xlfn.AGGREGATE(12,6,Raw_data!G1:G255) -> 400
A9: =IF(Raw_data!A9="",NA(),Raw_data!A9) -> ORD0008 | B9: =IF(Raw_data!B9="",NA(),Raw_data!B9) -> 45691 | C9: =IF(Raw_data!C9="",NA(),Raw_data!C9) -> Smartphone | D9: =IF(Raw_data!D9="",NA(),Raw_data!D9) -> Electronics | E9: =IF(Raw_data!E9="",NA(),Raw_data!E9) -> 500 | F9: =IF(Raw_data!F9="",NA(),Raw_data!F9) -> 1 | G9: =IF(Raw_data!G9="",NA(),Raw_data!G9) -> 500 | H9: =IF(Raw_data!H9="",NA(),Raw_data!H9) -> Sophia Miller | ... K9: =IF(Raw_data!K9="",NA(),Raw_data!K9) -> Completed | L9: =COUNTIFS(A:A,A9,B:B,B9,C:C,C9,D:D,D9,E:E,E9,F:F,F9,G:G,G9,H:H,H9,I:I,I9,J:J,J9,K:K,K9) -> 1 | M9: =TEXT(B9,"dd-mm-yy") -> 03-02-25 | N9: =LEFT(Table2[[#This Row],[Date_text]],2) -> 03 | O9: =MID(Table2[[#This Row],[Date_text]],4,2) -> 02 | P9: =RIGHT(Table2[[#This Row],[Date_text]],2) -> 25 | R9: Customer Name | S9: {=SUM(IF(Raw_data!H2:H255="",1,0))} -> 0
A10: =IF(Raw_data!A10="",NA(),Raw_data!A10) -> ORD0009 | B10: =IF(Raw_data!B10="",NA(),Raw_data!B10) -> 45872 | C10: =IF(Raw_data!C10="",NA(),Raw_data!C10) -> T-Shirt | D10: =IF(Raw_data!D10="",NA(),Raw_data!D10) -> Clothing | E10: =IF(Raw_data!E10="",NA(),Raw_data!E10) -> 20 | F10: =IF(Raw_data!F10="",NA(),Raw_data!F10) -> 3 | G10: =IF(Raw_data!G10="",NA(),Raw_data!G10) -> 60 | H10: =IF(Raw_data!H10="",NA(),Raw_data!H10) -> Sophia Miller | ... K10: =IF(Raw_data!K10="",NA(),Raw_data!K10) -> Completed | L10: =COUNTIFS(A:A,A10,B:B,B10,C:C,C10,D:D,D10,E:E,E10,F:F,F10,G:G,G10,H:H,H10,I:I,I10,J:J,J10,K:K,K10) -> 1 | M10: =TEXT(B10,"dd-mm-yy") -> 03-08-25 | N10: =LEFT(Table2[[#This Row],[Date_text]],2) -> 03 | O10: =MID(Table2[[#This Row],[Date_text]],4,2) -> 08 | P10: =RIGHT(Table2[[#This Row],[Date_text]],2) -> 25 | R10: Customer Location | S10: {=SUM(IF(Raw_data!I2:I255="",1,0))} -> 11 | V10: Miami
A11: =IF(Raw_data!A11="",NA(),Raw_data!A11) -> ORD0010 | B11: =IF(Raw_data!B11="",NA(),Raw_data!B11) -> 45994 | C11: =IF(Raw_data!C11="",NA(),Raw_data!C11) -> Smartphone | D11: =IF(Raw_data!D11="",NA(),Raw_data!D11) -> Electronics | E11: =IF(Raw_data!E11="",NA(),Raw_data!E11) -> 500 | F11: =IF(Raw_data!F11="",NA(),Raw_data!F11) -> 1 | G11: =IF(Raw_data!G11="",NA(),Raw_data!G11) -> 500 | H11: =IF(Raw_data!H11="",NA(),Raw_data!H11) -> Emily Johnson | ... K11: =IF(Raw_data!K11="",NA(),Raw_data!K11) -> Cancelled | L11: =COUNTIFS(A:A,A11,B:B,B11,C:C,C11,D:D,D11,E:E,E11,F:F,F11,G:G,G11,H:H,H11,I:I,I11,J:J,J11,K:K,K11) -> 1 | M11: =TEXT(B11,"dd-mm-yy") -> 03-12-25 | N11: =LEFT(Table2[[#This Row],[Date_text]],2) -> 03 | O11: =MID(Table2[[#This Row],[Date_text]],4,2) -> 12 | P11: =RIGHT(Table2[[#This Row],[Date_text]],2) -> 25 | R11: Payment Method | S11: {=SUM(IF(Raw_data!J2:J255="",1,0))} -> 0
A12: =IF(Raw_data!A12="",NA(),Raw_data!A12) -> ORD0011 | B12: =IF(Raw_data!B12="",NA(),Raw_data!B12) -> 17-02-25 | C12: =IF(Raw_data!C12="",NA(),Raw_data!C12) -> Book | D12: Electronics | E12: =IF(Raw_data!E12="",NA(),Raw_data!E12) -> 15 | F12: =IF(Raw_data!F12="",NA(),Raw_data!F12) -> 2 | G12: =IF(Raw_data!G12="",NA(),Raw_data!G12) -> 30 | H12: =IF(Raw_data!H12="",NA(),Raw_data!H12) -> David Lee | I12: =IF(Raw_data!I12="",NA(),Raw_data!I12) -> Boston | J12: =IF(Raw_data!J12="",NA(),Raw_data!J12) -> Amazon Pay | K12: =IF(Raw_data!K12="",NA(),Raw_data!K12) -> Pending | L12: =COUNTIFS(A:A,A12,B:B,B12,C:C,C12,D:D,D12,E:E,E12,F:F,F12,G:G,G12,H:H,H12,I:I,I12,J:J,J12,K:K,K12) -> 1 | M12: =TEXT(B12,"dd-mm-yy") -> 17-02-25 | N12: =LEFT(Table2[[#This Row],[Date_text]],2) -> 17 | O12: =MID(Table2[[#This Row],[Date_text]],4,2) -> 02 | P12: =RIGHT(Table2[[#This Row],[Date_text]],2) -> 25 | R12: Status | S12: {=SUM(IF(Raw_data!K2:K255="",1,0))} -> 0
A13: =IF(Raw_data!A13="",NA(),Raw_data!A13) -> ORD0012 | B13: =IF(Raw_data!B13="",NA(),Raw_data!B13) -> 13-03-25 | C13: =IF(Raw_data!C13="",NA(),Raw_data!C13) -> Jeans | D13: =IF(Raw_data!D13="",NA(),Raw_data!D13) -> Clothing | E13: =IF(Raw_data!E13="",NA(),Raw_data!E13) -> 40 | F13: 3 | G13: =IF(Raw_data!G13="",NA(),Raw_data!G13) -> 160 | H13: =IF(Raw_data!H13="",NA(),Raw_data!H13) -> Michael Brown | I13: =IF(Raw_data!I13="",NA(),Raw_data!I13) -> Dallas | J13: =IF(Raw_data!J13="",NA(),Raw_data!J13) -> Credit Card | K13: =IF(Raw_data!K13="",NA(),Raw_data!K13) -> Completed | L13: =COUNTIFS(A:A,A13,B:B,B13,C:C,C13,D:D,D13,E:E,E13,F:F,F13,G:G,G13,H:H,H13,I:I,I13,J:J,J13,K:K,K13) -> 1 | M13: =TEXT(B13,"dd-mm-yy") -> 13-03-25 | N13: =LEFT(Table2[[#This Row],[Date_text]],2) -> 13 | O13: =MID(Table2[[#This Row],[Date_text]],4,2) -> 03 | P13: =RIGHT(Table2[[#This Row],[Date_text]],2) -> 25
A14: =IF(Raw_data!A15="",NA(),Raw_data!A15) -> ORD0014 | B14: =IF(Raw_data!B15="",NA(),Raw_data!B15) -> 45750 | C14: =IF(Raw_data!C15="",NA(),Raw_data!C15) -> Washing Machine | D14: =IF(Raw_data!D15="",NA(),Raw_data!D15) -> Home Appliances | E14: =IF(Raw_data!E15="",NA(),Raw_data!E15) -> 600 | F14: =IF(Raw_data!F15="",NA(),Raw_data!F15) -> 3 | G14: =IF(Raw_data!G15="",NA(),Raw_data!G15) -> 1800 | H14: =IF(Raw_data!H15="",NA(),Raw_data!H15) -> Michael Brown | ... K14: =IF(Raw_data!K15="",NA(),Raw_data!K15) -> Cancelled | L14: =COUNTIFS(A:A,A14,B:B,B14,C:C,C14,D:D,D14,E:E,E14,F:F,F14,G:G,G14,H:H,H14,I:I,I14,J:J,J14,K:K,K14) -> 1 | M14: =TEXT(B14,"dd-mm-yy") -> 03-04-25 | N14: =LEFT(Table2[[#This Row],[Date_text]],2) -> 03 | O14: =MID(Table2[[#This Row],[Date_text]],4,2) -> 04 | P14: =RIGHT(Table2[[#This Row],[Date_text]],2) -> 25 | R14: PRODUCT | S14: Column1 | U14: CATEGORY | V14: Column1 | X14: LOCATION | Y14: Column1
A15: =IF(Raw_data!A16="",NA(),Raw_data!A16) -> ORD0015 | B15: =IF(Raw_data!B16="",NA(),Raw_data!B16) -> 20-02-25 | C15: =IF(Raw_data!C16="",NA(),Raw_data!C16) -> Smartwatch | D15: =IF(Raw_data!D16="",NA(),Raw_data!D16) -> Electronics | E15: =IF(Raw_data!E16="",NA(),Raw_data!E16) -> 150 | F15: =IF(Raw_data!F16="",NA(),Raw_data!F16) -> 4 | G15: =IF(Raw_data!G16="",NA(),Raw_data!G16) -> 600 | H15: =IF(Raw_data!H16="",NA(),Raw_data!H16) -> John Doe | ... K15: =IF(Raw_data!K16="",NA(),Raw_data!K16) -> Completed | L15: =COUNTIFS(A:A,A15,B:B,B15,C:C,C15,D:D,D15,E:E,E15,F:F,F15,G:G,G15,H:H,H15,I:I,I15,J:J,J15,K:K,K15) -> 1 | M15: =TEXT(B15,"dd-mm-yy") -> 20-02-25 | N15: =LEFT(Table2[[#This Row],[Date_text]],2) -> 20 | O15: =MID(Table2[[#This Row],[Date_text]],4,2) -> 02 | P15: =RIGHT(Table2[[#This Row],[Date_text]],2) -> 25 | R15: {=_xlfn.UNIQUE(Raw_data!C2:C255)} -> Running Shoes | S15: =COUNTIF(Raw_data!C2:C255,R15) -> 27 | U15: {=_xlfn.UNIQUE(Raw_data!D2:D255)} -> Footwear | V15: =COUNTIF(Raw_data!D2:D255,U15) -> 25 | X15: {=_xlfn.UNIQUE(Raw_data!I2:I255)} -> New York | Y15: =COUNTIF(Raw_data!I2:I255,X15) -> 24
A16: =IF(Raw_data!A17="",NA(),Raw_data!A17) -> ORD0016 | B16: =IF(Raw_data!B17="",NA(),Raw_data!B17) -> 26-02-25 | C16: =IF(Raw_data!C17="",NA(),Raw_data!C17) -> Refrigerator | D16: =IF(Raw_data!D17="",NA(),Raw_data!D17) -> Home Appliances | E16: 150 | F16: =IF(Raw_data!F17="",NA(),Raw_data!F17) -> 1 | G16: =IF(Raw_data!G17="",NA(),Raw_data!G17) -> 1200 | H16: =IF(Raw_data!H17="",NA(),Raw_data!H17) -> John Doe | I16: =IF(Raw_data!I17="",NA(),Raw_data!I17) -> Boston | J16: =IF(Raw_data!J17="",NA(),Raw_data!J17) -> Credit Card | K16: =IF(Raw_data!K17="",NA(),Raw_data!K17) -> Cancelled | L16: =COUNTIFS(A:A,A16,B:B,B16,C:C,C16,D:D,D16,E:E,E16,F:F,F16,G:G,G16,H:H,H16,I:I,I16,J:J,J16,K:K,K16) -> 1 | M16: =TEXT(B16,"dd-mm-yy") -> 26-02-25 | N16: =LEFT(Table2[[#This Row],[Date_text]],2) -> 26 | O16: =MID(Table2[[#This Row],[Date_text]],4,2) -> 02 | P16: =RIGHT(Table2[[#This Row],[Date_text]],2) -> 25 | R16: Headphones | S16: =COUNTIF(Raw_data!C3:C256,R16) -> 22 | U16: Electronics | V16: =COUNTIF(Raw_data!D3:D256,U16) -> 118 | X16: San Francisco | Y16: =COUNTIF(Raw_data!I3:I256,X16) -> 19
A17: =IF(Raw_data!A18="",NA(),Raw_data!A18) -> ORD0017 | B17: =IF(Raw_data!B18="",NA(),Raw_data!B18) -> 45661 | C17: =IF(Raw_data!C18="",NA(),Raw_data!C18) -> T-Shirt | D17: =IF(Raw_data!D18="",NA(),Raw_data!D18) -> Clothing | E17: =IF(Raw_data!E18="",NA(),Raw_data!E18) -> 20 | F17: =IF(Raw_data!F18="",NA(),Raw_data!F18) -> 1 | G17: =IF(Raw_data!G18="",NA(),Raw_data!G18) -> 20 | H17: =IF(Raw_data!H18="",NA(),Raw_data!H18) -> Emma Clark | ... K17: =IF(Raw_data!K18="",NA(),Raw_data!K18) -> Completed | L17: =COUNTIFS(A:A,A17,B:B,B17,C:C,C17,D:D,D17,E:E,E17,F:F,F17,G:G,G17,H:H,H17,I:I,I17,J:J,J17,K:K,K17) -> 1 | M17: =TEXT(B17,"dd-mm-yy") -> 04-01-25 | N17: =LEFT(Table2[[#This Row],[Date_text]],2) -> 04 | O17: =MID(Table2[[#This Row],[Date_text]],4,2) -> 01 | P17: =RIGHT(Table2[[#This Row],[Date_text]],2) -> 25 | R17: Smartwatch | S17: =COUNTIF(Raw_data!C4:C257,R17) -> 33 | U17: Clothing | V17: =COUNTIF(Raw_data!D4:D257,U17) -> 37 | X17: Denver | Y17: =COUNTIF(Raw_data!I4:I257,X17) -> 26
A18: =IF(Raw_data!A19="",NA(),Raw_data!A19) -> ORD0018 | B18: =IF(Raw_data!B19="",NA(),Raw_data!B19) -> 45932 | C18: =IF(Raw_data!C19="",NA(),Raw_data!C19) -> Smartphone | D18: =IF(Raw_data!D19="",NA(),Raw_data!D19) -> Electronics | E18: =IF(Raw_data!E19="",NA(),Raw_data!E19) -> 500 | F18: =IF(Raw_data!F19="",NA(),Raw_data!F19) -> 2 | G18: =IF(Raw_data!G19="",NA(),Raw_data!G19) -> 1000 | H18: =IF(Raw_data!H19="",NA(),Raw_data!H19) -> Michael Brown | ... K18: =IF(Raw_data!K19="",NA(),Raw_data!K19) -> Completed | L18: =COUNTIFS(A:A,A18,B:B,B18,C:C,C18,D:D,D18,E:E,E18,F:F,F18,G:G,G18,H:H,H18,I:I,I18,J:J,J18,K:K,K18) -> 1 | M18: =TEXT(B18,"dd-mm-yy") -> 02-10-25 | N18: =LEFT(Table2[[#This Row],[Date_text]],2) -> 02 | O18: =MID(Table2[[#This Row],[Date_text]],4,2) -> 10 | P18: =RIGHT(Table2[[#This Row],[Date_text]],2) -> 25 | R18: T-Shirt | S18: =COUNTIF(Raw_data!C5:C258,R18) -> 20 | U18: 0 | V18: =COUNTIF(Raw_data!D5:D258,U18) -> 0 | X18: Dallas | Y18: =COUNTIF(Raw_data!I5:I258,X18) -> 27
A19: =IF(Raw_data!A20="",NA(),Raw_data!A20) -> ORD0019 | B19: =IF(Raw_data!B20="",NA(),Raw_data!B20) -> 22-03-25 | C19: =IF(Raw_data!C20="",NA(),Raw_data!C20) -> Running Shoes | D19: =IF(Raw_data!D20="",NA(),Raw_data!D20) -> Footwear | E19: =IF(Raw_data!E20="",NA(),Raw_data!E20) -> 60 | F19: =IF(Raw_data!F20="",NA(),Raw_data!F20) -> 3 | G19: =IF(Raw_data!G20="",NA(),Raw_data!G20) -> 180 | H19: =IF(Raw_data!H20="",NA(),Raw_data!H20) -> Olivia Wilson | ... K19: =IF(Raw_data!K20="",NA(),Raw_data!K20) -> Completed | L19: =COUNTIFS(A:A,A19,B:B,B19,C:C,C19,D:D,D19,E:E,E19,F:F,F19,G:G,G19,H:H,H19,I:I,I19,J:J,J19,K:K,K19) -> 1 | M19: =TEXT(B19,"dd-mm-yy") -> 22-03-25 | N19: =LEFT(Table2[[#This Row],[Date_text]],2) -> 22 | O19: =MID(Table2[[#This Row],[Date_text]],4,2) -> 03 | P19: =RIGHT(Table2[[#This Row],[Date_text]],2) -> 25 | R19: Smartphone | S19: =COUNTIF(Raw_data!C6:C259,R19) -> 35 | U19: Home Appliances | V19: =COUNTIF(Raw_data!D6:D259,U19) -> 37 | X19: Houston | Y19: =COUNTIF(Raw_data!I6:I259,X19) -> 29
A20: =IF(Raw_data!A21="",NA(),Raw_data!A21) -> ORD0020 | B20: =IF(Raw_data!B21="",NA(),Raw_data!B21) -> 45841 | C20: =IF(Raw_data!C21="",NA(),Raw_data!C21) -> Headphones | D20: =IF(Raw_data!D21="",NA(),Raw_data!D21) -> Electronics | E20: =IF(Raw_data!E21="",NA(),Raw_data!E21) -> 100 | F20: =IF(Raw_data!F21="",NA(),Raw_data!F21) -> 4 | G20: =IF(Raw_data!G21="",NA(),Raw_data!G21) -> 400 | H20: =IF(Raw_data!H21="",NA(),Raw_data!H21) -> Olivia Wilson | ... K20: =IF(Raw_data!K21="",NA(),Raw_data!K21) -> Pending | L20: =COUNTIFS(A:A,A20,B:B,B20,C:C,C20,D:D,D20,E:E,E20,F:F,F20,G:G,G20,H:H,H20,I:I,I20,J:J,J20,K:K,K20) -> 1 | M20: =TEXT(B20,"dd-mm-yy") -> 03-07-25 | N20: =LEFT(Table2[[#This Row],[Date_text]],2) -> 03 | O20: =MID(Table2[[#This Row],[Date_text]],4,2) -> 07 | P20: =RIGHT(Table2[[#This Row],[Date_text]],2) -> 25 | R20: Book | S20: =COUNTIF(Raw_data!C7:C260,R20) -> 23 | U20: Books | V20: =COUNTIF(Raw_data!D7:D260,U20) -> 23 | X20: Miami | Y20: =COUNTIF(Raw_data!I7:I260,X20) -> 30
A21: =IF(Raw_data!A23="",NA(),Raw_data!A23) -> ORD0022 | B21: =IF(Raw_data!B23="",NA(),Raw_data!B23) -> 45841 | C21: =IF(Raw_data!C23="",NA(),Raw_data!C23) -> Refrigerator | D21: =IF(Raw_data!D23="",NA(),Raw_data!D23) -> Home Appliances | E21: =IF(Raw_data!E23="",NA(),Raw_data!E23) -> 1200 | F21: =IF(Raw_data!F23="",NA(),Raw_data!F23) -> 4 | G21: =IF(Raw_data!G23="",NA(),Raw_data!G23) -> 4800 | H21: =IF(Raw_data!H23="",NA(),Raw_data!H23) -> Olivia Wilson | ... K21: =IF(Raw_data!K23="",NA(),Raw_data!K23) -> Pending | L21: =COUNTIFS(A:A,A21,B:B,B21,C:C,C21,D:D,D21,E:E,E21,F:F,F21,G:G,G21,H:H,H21,I:I,I21,J:J,J21,K:K,K21) -> 1 | M21: =TEXT(B21,"dd-mm-yy") -> 03-07-25 | N21: =LEFT(Table2[[#This Row],[Date_text]],2) -> 03 | O21: =MID(Table2[[#This Row],[Date_text]],4,2) -> 07 | P21: =RIGHT(Table2[[#This Row],[Date_text]],2) -> 25 | R21: Jeans | S21: =COUNTIF(Raw_data!C8:C261,R21) -> 16 | X21: Boston | Y21: =COUNTIF(Raw_data!I8:I261,X21) -> 29
A22: =IF(Raw_data!A24="",NA(),Raw_data!A24) -> ORD0023 | B22: =IF(Raw_data!B24="",NA(),Raw_data!B24) -> 23-02-25 | C22: =IF(Raw_data!C24="",NA(),Raw_data!C24) -> Book | D22: =IF(Raw_data!D24="",NA(),Raw_data!D24) -> Books | E22: =IF(Raw_data!E24="",NA(),Raw_data!E24) -> 15 | F22: =IF(Raw_data!F24="",NA(),Raw_data!F24) -> 1 | G22: =IF(Raw_data!G24="",NA(),Raw_data!G24) -> 15 | H22: =IF(Raw_data!H24="",NA(),Raw_data!H24) -> Emma Clark | ... K22: =IF(Raw_data!K24="",NA(),Raw_data!K24) -> Pending | L22: =COUNTIFS(A:A,A22,B:B,B22,C:C,C22,D:D,D22,E:E,E22,F:F,F22,G:G,G22,H:H,H22,I:I,I22,J:J,J22,K:K,K22) -> 1 | M22: =TEXT(B22,"dd-mm-yy") -> 23-02-25 | N22: =LEFT(Table2[[#This Row],[Date_text]],2) -> 23 | O22: =MID(Table2[[#This Row],[Date_text]],4,2) -> 02 | P22: =RIGHT(Table2[[#This Row],[Date_text]],2) -> 25 | R22: 0 | S22: =COUNTIF(Raw_data!C9:C262,R22) -> 0 | X22: Seattle | Y22: =COUNTIF(Raw_data!I9:I262,X22) -> 22
A23: =IF(Raw_data!A25="",NA(),Raw_data!A25) -> ORD0024 | B23: =IF(Raw_data!B25="",NA(),Raw_data!B25) -> 24-03-25 | C23: =IF(Raw_data!C25="",NA(),Raw_data!C25) -> Refrigerator | D23: =IF(Raw_data!D25="",NA(),Raw_data!D25) -> Home Appliances | E23: =IF(Raw_data!E25="",NA(),Raw_data!E25) -> 1200 | F23: =IF(Raw_data!F25="",NA(),Raw_data!F25) -> 3 | G23: =IF(Raw_data!G25="",NA(),Raw_data!G25) -> 3600 | H23: =IF(Raw_data!H25="",NA(),Raw_data!H25) -> Chris White | ... K23: =IF(Raw_data!K25="",NA(),Raw_data!K25) -> Cancelled | L23: =COUNTIFS(A:A,A23,B:B,B23,C:C,C23,D:D,D23,E:E,E23,F:F,F23,G:G,G23,H:H,H23,I:I,I23,J:J,J23,K:K,K23) -> 1 | M23: =TEXT(B23,"dd-mm-yy") -> 24-03-25 | N23: =LEFT(Table2[[#This Row],[Date_text]],2) -> 24 | O23: =MID(Table2[[#This Row],[Date_text]],4,2) -> 03 | P23: =RIGHT(Table2[[#This Row],[Date_text]],2) -> 25 | R23: Washing Machine | S23: =COUNTIF(Raw_data!C10:C263,R23) -> 15 | X23: Los Angeles | Y23: =COUNTIF(Raw_data!I10:I263,X23) -> 17
A24: =IF(Raw_data!A26="",NA(),Raw_data!A26) -> ORD0025 | B24: =IF(Raw_data!B26="",NA(),Raw_data!B26) -> 45691 | C24: =IF(Raw_data!C26="",NA(),Raw_data!C26) -> Book | D24: =IF(Raw_data!D26="",NA(),Raw_data!D26) -> Books | E24: =IF(Raw_data!E26="",NA(),Raw_data!E26) -> 15 | F24: =IF(Raw_data!F26="",NA(),Raw_data!F26) -> 5 | G24: =IF(Raw_data!G26="",NA(),Raw_data!G26) -> 75 | H24: =IF(Raw_data!H26="",NA(),Raw_data!H26) -> Sophia Miller | ... K24: =IF(Raw_data!K26="",NA(),Raw_data!K26) -> Completed | L24: =COUNTIFS(A:A,A24,B:B,B24,C:C,C24,D:D,D24,E:E,E24,F:F,F24,G:G,G24,H:H,H24,I:I,I24,J:J,J24,K:K,K24) -> 1 | M24: =TEXT(B24,"dd-mm-yy") -> 03-02-25 | N24: =LEFT(Table2[[#This Row],[Date_text]],2) -> 03 | O24: =MID(Table2[[#This Row],[Date_text]],4,2) -> 02 | P24: =RIGHT(Table2[[#This Row],[Date_text]],2) -> 25 | R24: Refrigerator | S24: =COUNTIF(Raw_data!C11:C264,R24) -> 20 | X24: Chicago | Y24: =COUNTIF(Raw_data!I11:I264,X24) -> 20
A25: =IF(Raw_data!A27="",NA(),Raw_data!A27) -> ORD0026 | B25: =IF(Raw_data!B27="",NA(),Raw_data!B27) -> 14-02-25 | C25: =IF(Raw_data!C27="",NA(),Raw_data!C27) -> Washing Machine | D25: =IF(Raw_data!D27="",NA(),Raw_data!D27) -> Home Appliances | E25: =IF(Raw_data!E27="",NA(),Raw_data!E27) -> 600 | F25: =IF(Raw_data!F27="",NA(),Raw_data!F27) -> 1 | G25: =IF(Raw_data!G27="",NA(),Raw_data!G27) -> 600 | H25: =IF(Raw_data!H27="",NA(),Raw_data!H27) -> Olivia Wilson | ... K25: =IF(Raw_data!K27="",NA(),Raw_data!K27) -> Cancelled | L25: =COUNTIFS(A:A,A25,B:B,B25,C:C,C25,D:D,D25,E:E,E25,F:F,F25,G:G,G25,H:H,H25,I:I,I25,J:J,J25,K:K,K25) -> 1 | M25: =TEXT(B25,"dd-mm-yy") -> 14-02-25 | N25: =LEFT(Table2[[#This Row],[Date_text]],2) -> 14 | O25: =MID(Table2[[#This Row],[Date_text]],4,2) -> 02 | P25: =RIGHT(Table2[[#This Row],[Date_text]],2) -> 25 | R25: Laptop | S25: =COUNTIF(Raw_data!C12:C265,R25) -> 22 | X25: 0 | Y25: =COUNTIF(Raw_data!I12:I265,X25) -> 0
A26: =IF(Raw_data!A28="",NA(),Raw_data!A28) -> ORD0027 | B26: =IF(Raw_data!B28="",NA(),Raw_data!B28) -> 45840 | C26: =IF(Raw_data!C28="",NA(),Raw_data!C28) -> T-Shirt | D26: Electronics | E26: =IF(Raw_data!E28="",NA(),Raw_data!E28) -> 20 | F26: 3 | G26: =IF(Raw_data!G28="",NA(),Raw_data!G28) -> 20 | H26: =IF(Raw_data!H28="",NA(),Raw_data!H28) -> Daniel Harris | I26: =IF(Raw_data!I28="",NA(),Raw_data!I28) -> New York | J26: =IF(Raw_data!J28="",NA(),Raw_data!J28) -> Amazon Pay | K26: =IF(Raw_data!K28="",NA(),Raw_data!K28) -> Pending | L26: =COUNTIFS(A:A,A26,B:B,B26,C:C,C26,D:D,D26,E:E,E26,F:F,F26,G:G,G26,H:H,H26,I:I,I26,J:J,J26,K:K,K26) -> 1 | M26: =TEXT(B26,"dd-mm-yy") -> 02-07-25 | N26: =LEFT(Table2[[#This Row],[Date_text]],2) -> 02 | O26: =MID(Table2[[#This Row],[Date_text]],4,2) -> 07 | P26: =RIGHT(Table2[[#This Row],[Date_text]],2) -> 25
A27: =IF(Raw_data!A29="",NA(),Raw_data!A29) -> ORD0028 | B27: =IF(Raw_data!B29="",NA(),Raw_data!B29) -> 45718 | C27: =IF(Raw_data!C29="",NA(),Raw_data!C29) -> Headphones | D27: =IF(Raw_data!D29="",NA(),Raw_data!D29) -> Electronics | E27: =IF(Raw_data!E29="",NA(),Raw_data!E29) -> 100 | F27: =IF(Raw_data!F29="",NA(),Raw_data!F29) -> 1 | G27: =IF(Raw_data!G29="",NA(),Raw_data!G29) -> 100 | H27: =IF(Raw_data!H29="",NA(),Raw_data!H29) -> Jane Smith | ... K27: =IF(Raw_data!K29="",NA(),Raw_data!K29) -> Completed | L27: =COUNTIFS(A:A,A27,B:B,B27,C:C,C27,D:D,D27,E:E,E27,F:F,F27,G:G,G27,H:H,H27,I:I,I27,J:J,J27,K:K,K27) -> 1 | M27: =TEXT(B27,"dd-mm-yy") -> 02-03-25 | N27: =LEFT(Table2[[#This Row],[Date_text]],2) -> 02 | O27: =MID(Table2[[#This Row],[Date_text]],4,2) -> 03 | P27: =RIGHT(Table2[[#This Row],[Date_text]],2) -> 25
A28: =IF(Raw_data!A30="",NA(),Raw_data!A30) -> ORD0029 | B28: =IF(Raw_data!B30="",NA(),Raw_data!B30) -> 45993 | C28: =IF(Raw_data!C30="",NA(),Raw_data!C30) -> Smartphone | D28: =IF(Raw_data!D30="",NA(),Raw_data!D30) -> Electronics | E28: =IF(Raw_data!E30="",NA(),Raw_data!E30) -> 500 | F28: =IF(Raw_data!F30="",NA(),Raw_data!F30) -> 1 | G28: =IF(Raw_data!G30="",NA(),Raw_data!G30) -> 500 | H28: =IF(Raw_data!H30="",NA(),Raw_data!H30) -> Sophia Miller | ... K28: =IF(Raw_data!K30="",NA(),Raw_data!K30) -> Cancelled | L28: =COUNTIFS(A:A,A28,B:B,B28,C:C,C28,D:D,D28,E:E,E28,F:F,F28,G:G,G28,H:H,H28,I:I,I28,J:J,J28,K:K,K28) -> 1 | M28: =TEXT(B28,"dd-mm-yy") -> 02-12-25 | N28: =LEFT(Table2[[#This Row],[Date_text]],2) -> 02 | O28: =MID(Table2[[#This Row],[Date_text]],4,2) -> 12 | P28: =RIGHT(Table2[[#This Row],[Date_text]],2) -> 25
A29: =IF(Raw_data!A31="",NA(),Raw_data!A31) -> ORD0030 | B29: =IF(Raw_data!B31="",NA(),Raw_data!B31) -> 45932 | C29: =IF(Raw_data!C31="",NA(),Raw_data!C31) -> Washing Machine | D29: =IF(Raw_data!D31="",NA(),Raw_data!D31) -> Home Appliances | E29: =IF(Raw_data!E31="",NA(),Raw_data!E31) -> 600 | F29: =IF(Raw_data!F31="",NA(),Raw_data!F31) -> 3 | G29: =IF(Raw_data!G31="",NA(),Raw_data!G31) -> 1800 | H29: =IF(Raw_data!H31="",NA(),Raw_data!H31) -> Emily Johnson | ... K29: =IF(Raw_data!K31="",NA(),Raw_data!K31) -> Cancelled | L29: =COUNTIFS(A:A,A29,B:B,B29,C:C,C29,D:D,D29,E:E,E29,F:F,F29,G:G,G29,H:H,H29,I:I,I29,J:J,J29,K:K,K29) -> 1 | M29: =TEXT(B29,"dd-mm-yy") -> 02-10-25 | N29: =LEFT(Table2[[#This Row],[Date_text]],2) -> 02 | O29: =MID(Table2[[#This Row],[Date_text]],4,2) -> 10 | P29: =RIGHT(Table2[[#This Row],[Date_text]],2) -> 25
A30: =IF(Raw_data!A32="",NA(),Raw_data!A32) -> ORD0031 | B30: =IF(Raw_data!B32="",NA(),Raw_data!B32) -> 24-03-25 | C30: =IF(Raw_data!C32="",NA(),Raw_data!C32) -> Smartphone | D30: =IF(Raw_data!D32="",NA(),Raw_data!D32) -> Electronics | E30: 150 | F30: =IF(Raw_data!F32="",NA(),Raw_data!F32) -> 1 | G30: =IF(Raw_data!G32="",NA(),Raw_data!G32) -> 500 | H30: =IF(Raw_data!H32="",NA(),Raw_data!H32) -> John Doe | I30: =IF(Raw_data!I32="",NA(),Raw_data!I32) -> Houston | J30: =IF(Raw_data!J32="",NA(),Raw_data!J32) -> Gift Card | K30: =IF(Raw_data!K32="",NA(),Raw_data!K32) -> Pending | L30: =COUNTIFS(A:A,A30,B:B,B30,C:C,C30,D:D,D30,E:E,E30,F:F,F30,G:G,G30,H:H,H30,I:I,I30,J:J,J30,K:K,K30) -> 1 | M30: =TEXT(B30,"dd-mm-yy") -> 24-03-25 | N30: =LEFT(Table2[[#This Row],[Date_text]],2) -> 24 | O30: =MID(Table2[[#This Row],[Date_text]],4,2) -> 03 | P30: =RIGHT(Table2[[#This Row],[Date_text]],2) -> 25
A31: =IF(Raw_data!A33="",NA(),Raw_data!A33) -> ORD0032 | B31: =IF(Raw_data!B33="",NA(),Raw_data!B33) -> 45933 | C31: =IF(Raw_data!C33="",NA(),Raw_data!C33) -> Smartphone | D31: =IF(Raw_data!D33="",NA(),Raw_data!D33) -> Electronics | E31: =IF(Raw_data!E33="",NA(),Raw_data!E33) -> 500 | F31: =IF(Raw_data!F33="",NA(),Raw_data!F33) -> 4 | G31: =IF(Raw_data!G33="",NA(),Raw_data!G33) -> 2000 | H31: =IF(Raw_data!H33="",NA(),Raw_data!H33) -> Michael Brown | ... K31: =IF(Raw_data!K33="",NA(),Raw_data!K33) -> Pending | L31: =COUNTIFS(A:A,A31,B:B,B31,C:C,C31,D:D,D31,E:E,E31,F:F,F31,G:G,G31,H:H,H31,I:I,I31,J:J,J31,K:K,K31) -> 1 | M31: =TEXT(B31,"dd-mm-yy") -> 03-10-25 | N31: =LEFT(Table2[[#This Row],[Date_text]],2) -> 03 | O31: =MID(Table2[[#This Row],[Date_text]],4,2) -> 10 | P31: =RIGHT(Table2[[#This Row],[Date_text]],2) -> 25
A32: =IF(Raw_data!A35="",NA(),Raw_data!A35) -> ORD0034 | B32: =IF(Raw_data!B35="",NA(),Raw_data!B35) -> 45692 | C32: =IF(Raw_data!C35="",NA(),Raw_data!C35) -> T-Shirt | D32: =IF(Raw_data!D35="",NA(),Raw_data!D35) -> Clothing | E32: =IF(Raw_data!E35="",NA(),Raw_data!E35) -> 20 | F32: =IF(Raw_data!F35="",NA(),Raw_data!F35) -> 5 | G32: =IF(Raw_data!G35="",NA(),Raw_data!G35) -> 100 | H32: =IF(Raw_data!H35="",NA(),Raw_data!H35) -> Jane Smith | ... K32: =IF(Raw_data!K35="",NA(),Raw_data!K35) -> Pending | L32: =COUNTIFS(A:A,A32,B:B,B32,C:C,C32,D:D,D32,E:E,E32,F:F,F32,G:G,G32,H:H,H32,I:I,I32,J:J,J32,K:K,K32) -> 1 | M32: =TEXT(B32,"dd-mm-yy") -> 04-02-25 | N32: =LEFT(Table2[[#This Row],[Date_text]],2) -> 04 | O32: =MID(Table2[[#This Row],[Date_text]],4,2) -> 02 | P32: =RIGHT(Table2[[#This Row],[Date_text]],2) -> 25
A33: =IF(Raw_data!A36="",NA(),Raw_data!A36) -> ORD0035 | B33: =IF(Raw_data!B36="",NA(),Raw_data!B36) -> 45692 | C33: =IF(Raw_data!C36="",NA(),Raw_data!C36) -> Laptop | D33: =IF(Raw_data!D36="",NA(),Raw_data!D36) -> Electronics | E33: =IF(Raw_data!E36="",NA(),Raw_data!E36) -> 800 | F33: =IF(Raw_data!F36="",NA(),Raw_data!F36) -> 3 | G33: =IF(Raw_data!G36="",NA(),Raw_data!G36) -> 2400 | H33: =IF(Raw_data!H36="",NA(),Raw_data!H36) -> Emma Clark | ... K33: =IF(Raw_data!K36="",NA(),Raw_data!K36) -> Completed | L33: =COUNTIFS(A:A,A33,B:B,B33,C:C,C33,D:D,D33,E:E,E33,F:F,F33,G:G,G33,H:H,H33,I:I,I33,J:J,J33,K:K,K33) -> 1 | M33: =TEXT(B33,"dd-mm-yy") -> 04-02-25 | N33: =LEFT(Table2[[#This Row],[Date_text]],2) -> 04 | O33: =MID(Table2[[#This Row],[Date_text]],4,2) -> 02 | P33: =RIGHT(Table2[[#This Row],[Date_text]],2) -> 25
A34: =IF(Raw_data!A37="",NA(),Raw_data!A37) -> ORD0036 | B34: =IF(Raw_data!B37="",NA(),Raw_data!B37) -> 45902 | C34: =IF(Raw_data!C37="",NA(),Raw_data!C37) -> Refrigerator | D34: =IF(Raw_data!D37="",NA(),Raw_data!D37) -> Home Appliances | E34: =IF(Raw_data!E37="",NA(),Raw_data!E37) -> 1200 | F34: =IF(Raw_data!F37="",NA(),Raw_data!F37) -> 2 | G34: =IF(Raw_data!G37="",NA(),Raw_data!G37) -> 2400 | H34: =IF(Raw_data!H37="",NA(),Raw_data!H37) -> Sophia Miller | ... K34: =IF(Raw_data!K37="",NA(),Raw_data!K37) -> Cancelled | L34: =COUNTIFS(A:A,A34,B:B,B34,C:C,C34,D:D,D34,E:E,E34,F:F,F34,G:G,G34,H:H,H34,I:I,I34,J:J,J34,K:K,K34) -> 1 | M34: =TEXT(B34,"dd-mm-yy") -> 02-09-25 | N34: =LEFT(Table2[[#This Row],[Date_text]],2) -> 02 | O34: =MID(Table2[[#This Row],[Date_text]],4,2) -> 09 | P34: =RIGHT(Table2[[#This Row],[Date_text]],2) -> 25
A35: =IF(Raw_data!A38="",NA(),Raw_data!A38) -> ORD0037 | B35: =IF(Raw_data!B38="",NA(),Raw_data!B38) -> 16-02-25 | C35: =IF(Raw_data!C38="",NA(),Raw_data!C38) -> Headphones | D35: =IF(Raw_data!D38="",NA(),Raw_data!D38) -> Electronics | E35: =IF(Raw_data!E38="",NA(),Raw_data!E38) -> 100 | F35: =IF(Raw_data!F38="",NA(),Raw_data!F38) -> 3 | G35: =IF(Raw_data!G38="",NA(),Raw_data!G38) -> 300 | H35: =IF(Raw_data!H38="",NA(),Raw_data!H38) -> Michael Brown | ... K35: =IF(Raw_data!K38="",NA(),Raw_data!K38) -> Cancelled | L35: =COUNTIFS(A:A,A35,B:B,B35,C:C,C35,D:D,D35,E:E,E35,F:F,F35,G:G,G35,H:H,H35,I:I,I35,J:J,J35,K:K,K35) -> 1 | M35: =TEXT(B35,"dd-mm-yy") -> 16-02-25 | N35: =LEFT(Table2[[#This Row],[Date_text]],2) -> 16 | O35: =MID(Table2[[#This Row],[Date_text]],4,2) -> 02 | P35: =RIGHT(Table2[[#This Row],[Date_text]],2) -> 25
A36: =IF(Raw_data!A39="",NA(),Raw_data!A39) -> ORD0038 | B36: =IF(Raw_data!B39="",NA(),Raw_data!B39) -> 26-03-25 | C36: =IF(Raw_data!C39="",NA(),Raw_data!C39) -> Laptop | D36: =IF(Raw_data!D39="",NA(),Raw_data!D39) -> Electronics | E36: =IF(Raw_data!E39="",NA(),Raw_data!E39) -> 800 | F36: =IF(Raw_data!F39="",NA(),Raw_data!F39) -> 3 | G36: =IF(Raw_data!G39="",NA(),Raw_data!G39) -> 2400 | H36: =IF(Raw_data!H39="",NA(),Raw_data!H39) -> Olivia Wilson | ... K36: =IF(Raw_data!K39="",NA(),Raw_data!K39) -> Completed | L36: =COUNTIFS(A:A,A36,B:B,B36,C:C,C36,D:D,D36,E:E,E36,F:F,F36,G:G,G36,H:H,H36,I:I,I36,J:J,J36,K:K,K36) -> 1 | M36: =TEXT(B36,"dd-mm-yy") -> 26-03-25 | N36: =LEFT(Table2[[#This Row],[Date_text]],2) -> 26 | O36: =MID(Table2[[#This Row],[Date_text]],4,2) -> 03 | P36: =RIGHT(Table2[[#This Row],[Date_text]],2) -> 25
A37: =IF(Raw_data!A40="",NA(),Raw_data!A40) -> ORD0039 | B37: =IF(Raw_data!B40="",NA(),Raw_data!B40) -> 45691 | C37: =IF(Raw_data!C40="",NA(),Raw_data!C40) -> Laptop | D37: Electronics | E37: =IF(Raw_data!E40="",NA(),Raw_data!E40) -> 800 | F37: =IF(Raw_data!F40="",NA(),Raw_data!F40) -> 2 | G37: =IF(Raw_data!G40="",NA(),Raw_data!G40) -> 1600 | H37: =IF(Raw_data!H40="",NA(),Raw_data!H40) -> Olivia Wilson | I37: =IF(Raw_data!I40="",NA(),Raw_data!I40) -> San Francisco | J37: =IF(Raw_data!J40="",NA(),Raw_data!J40) -> PayPal | K37: =IF(Raw_data!K40="",NA(),Raw_data!K40) -> Completed | L37: =COUNTIFS(A:A,A37,B:B,B37,C:C,C37,D:D,D37,E:E,E37,F:F,F37,G:G,G37,H:H,H37,I:I,I37,J:J,J37,K:K,K37) -> 1 | M37: =TEXT(B37,"dd-mm-yy") -> 03-02-25 | N37: =LEFT(Table2[[#This Row],[Date_text]],2) -> 03 | O37: =MID(Table2[[#This Row],[Date_text]],4,2) -> 02 | P37: =RIGHT(Table2[[#This Row],[Date_text]],2) -> 25
A38: =IF(Raw_data!A41="",NA(),Raw_data!A41) -> ORD0040 | B38: =IF(Raw_data!B41="",NA(),Raw_data!B41) -> 26-03-25 | C38: =IF(Raw_data!C41="",NA(),Raw_data!C41) -> Smartwatch | D38: =IF(Raw_data!D41="",NA(),Raw_data!D41) -> Electronics | E38: =IF(Raw_data!E41="",NA(),Raw_data!E41) -> 150 | F38: =IF(Raw_data!F41="",NA(),Raw_data!F41) -> 1 | G38: =IF(Raw_data!G41="",NA(),Raw_data!G41) -> 150 | H38: =IF(Raw_data!H41="",NA(),Raw_data!H41) -> Emily Johnson | ... K38: =IF(Raw_data!K41="",NA(),Raw_data!K41) -> Pending | L38: =COUNTIFS(A:A,A38,B:B,B38,C:C,C38,D:D,D38,E:E,E38,F:F,F38,G:G,G38,H:H,H38,I:I,I38,J:J,J38,K:K,K38) -> 1 | M38: =TEXT(B38,"dd-mm-yy") -> 26-03-25 | N38: =LEFT(Table2[[#This Row],[Date_text]],2) -> 26 | O38: =MID(Table2[[#This Row],[Date_text]],4,2) -> 03 | P38: =RIGHT(Table2[[#This Row],[Date_text]],2) -> 25
A39: =IF(Raw_data!A42="",NA(),Raw_data!A42) -> ORD0041 | B39: =IF(Raw_data!B42="",NA(),Raw_data!B42) -> 20-02-25 | C39: =IF(Raw_data!C42="",NA(),Raw_data!C42) -> Book | D39: =IF(Raw_data!D42="",NA(),Raw_data!D42) -> Books | E39: =IF(Raw_data!E42="",NA(),Raw_data!E42) -> 15 | F39: =IF(Raw_data!F42="",NA(),Raw_data!F42) -> 1 | G39: =IF(Raw_data!G42="",NA(),Raw_data!G42) -> 15 | H39: =IF(Raw_data!H42="",NA(),Raw_data!H42) -> Jane Smith | ... K39: =IF(Raw_data!K42="",NA(),Raw_data!K42) -> Cancelled | L39: =COUNTIFS(A:A,A39,B:B,B39,C:C,C39,D:D,D39,E:E,E39,F:F,F39,G:G,G39,H:H,H39,I:I,I39,J:J,J39,K:K,K39) -> 1 | M39: =TEXT(B39,"dd-mm-yy") -> 20-02-25 | N39: =LEFT(Table2[[#This Row],[Date_text]],2) -> 20 | O39: =MID(Table2[[#This Row],[Date_text]],4,2) -> 02 | P39: =RIGHT(Table2[[#This Row],[Date_text]],2) -> 25
A40: =IF(Raw_data!A44="",NA(),Raw_data!A44) -> ORD0043 | B40: =IF(Raw_data!B44="",NA(),Raw_data!B44) -> 45871 | C40: =IF(Raw_data!C44="",NA(),Raw_data!C44) -> T-Shirt | D40: =IF(Raw_data!D44="",NA(),Raw_data!D44) -> Clothing | E40: 150 | F40: 3 | G40: =IF(Raw_data!G44="",NA(),Raw_data!G44) -> 80 | H40: =IF(Raw_data!H44="",NA(),Raw_data!H44) -> Jane Smith | I40: =IF(Raw_data!I44="",NA(),Raw_data!I44) -> Denver | J40: =IF(Raw_data!J44="",NA(),Raw_data!J44) -> Credit Card | K40: =IF(Raw_data!K44="",NA(),Raw_data!K44) -> Pending | L40: =COUNTIFS(A:A,A40,B:B,B40,C:C,C40,D:D,D40,E:E,E40,F:F,F40,G:G,G40,H:H,H40,I:I,I40,J:J,J40,K:K,K40) -> 1 | M40: =TEXT(B40,"dd-mm-yy") -> 02-08-25 | N40: =LEFT(Table2[[#This Row],[Date_text]],2) -> 02 | O40: =MID(Table2[[#This Row],[Date_text]],4,2) -> 08 | P40: =RIGHT(Table2[[#This Row],[Date_text]],2) -> 25
A41: =IF(Raw_data!A45="",NA(),Raw_data!A45) -> ORD0044 | B41: =IF(Raw_data!B45="",NA(),Raw_data!B45) -> 24-03-25 | C41: =IF(Raw_data!C45="",NA(),Raw_data!C45) -> Smartwatch | D41: =IF(Raw_data!D45="",NA(),Raw_data!D45) -> Electronics | E41: =IF(Raw_data!E45="",NA(),Raw_data!E45) -> 150 | F41: =IF(Raw_data!F45="",NA(),Raw_data!F45) -> 1 | G41: =IF(Raw_data!G45="",NA(),Raw_data!G45) -> 150 | H41: =IF(Raw_data!H45="",NA(),Raw_data!H45) -> Chris White | ... K41: =IF(Raw_data!K45="",NA(),Raw_data!K45) -> Pending | L41: =COUNTIFS(A:A,A41,B:B,B41,C:C,C41,D:D,D41,E:E,E41,F:F,F41,G:G,G41,H:H,H41,I:I,I41,J:J,J41,K:K,K41) -> 1 | M41: =TEXT(B41,"dd-mm-yy") -> 24-03-25 | N41: =LEFT(Table2[[#This Row],[Date_text]],2) -> 24 | O41: =MID(Table2[[#This Row],[Date_text]],4,2) -> 03 | P41: =RIGHT(Table2[[#This Row],[Date_text]],2) -> 25
A42: =IF(Raw_data!A46="",NA(),Raw_data!A46) -> ORD0045 | B42: =IF(Raw_data!B46="",NA(),Raw_data!B46) -> 15-03-25 | C42: =IF(Raw_data!C46="",NA(),Raw_data!C46) -> Refrigerator | D42: =IF(Raw_data!D46="",NA(),Raw_data!D46) -> Home Appliances | E42: =IF(Raw_data!E46="",NA(),Raw_data!E46) -> 1200 | F42: =IF(Raw_data!F46="",NA(),Raw_data!F46) -> 3 | G42: =IF(Raw_data!G46="",NA(),Raw_data!G46) -> 3600 | H42: =IF(Raw_data!H46="",NA(),Raw_data!H46) -> Daniel Harris | ... K42: =IF(Raw_data!K46="",NA(),Raw_data!K46) -> Pending | L42: =COUNTIFS(A:A,A42,B:B,B42,C:C,C42,D:D,D42,E:E,E42,F:F,F42,G:G,G42,H:H,H42,I:I,I42,J:J,J42,K:K,K42) -> 1 | M42: =TEXT(B42,"dd-mm-yy") -> 15-03-25 | N42: =LEFT(Table2[[#This Row],[Date_text]],2) -> 15 | O42: =MID(Table2[[#This Row],[Date_text]],4,2) -> 03 | P42: =RIGHT(Table2[[#This Row],[Date_text]],2) -> 25
A43: =IF(Raw_data!A47="",NA(),Raw_data!A47) -> ORD0046 | B43: =IF(Raw_data!B47="",NA(),Raw_data!B47) -> 45811 | C43: =IF(Raw_data!C47="",NA(),Raw_data!C47) -> Running Shoes | D43: =IF(Raw_data!D47="",NA(),Raw_data!D47) -> Footwear | E43: =IF(Raw_data!E47="",NA(),Raw_data!E47) -> 60 | F43: =IF(Raw_data!F47="",NA(),Raw_data!F47) -> 2 | G43: =IF(Raw_data!G47="",NA(),Raw_data!G47) -> 120 | H43: =IF(Raw_data!H47="",NA(),Raw_data!H47) -> David Lee | ... K43: =IF(Raw_data!K47="",NA(),Raw_data!K47) -> Cancelled | L43: =COUNTIFS(A:A,A43,B:B,B43,C:C,C43,D:D,D43,E:E,E43,F:F,F43,G:G,G43,H:H,H43,I:I,I43,J:J,J43,K:K,K43) -> 1 | M43: =TEXT(B43,"dd-mm-yy") -> 03-06-25 | N43: =LEFT(Table2[[#This Row],[Date_text]],2) -> 03 | O43: =MID(Table2[[#This Row],[Date_text]],4,2) -> 06 | P43: =RIGHT(Table2[[#This Row],[Date_text]],2) -> 25
A44: =IF(Raw_data!A48="",NA(),Raw_data!A48) -> ORD0047 | B44: =IF(Raw_data!B48="",NA(),Raw_data!B48) -> 26-03-25 | C44: =IF(Raw_data!C48="",NA(),Raw_data!C48) -> T-Shirt | D44: =IF(Raw_data!D48="",NA(),Raw_data!D48) -> Clothing | E44: =IF(Raw_data!E48="",NA(),Raw_data!E48) -> 20 | F44: =IF(Raw_data!F48="",NA(),Raw_data!F48) -> 2 | G44: =IF(Raw_data!G48="",NA(),Raw_data!G48) -> 40 | H44: =IF(Raw_data!H48="",NA(),Raw_data!H48) -> Chris White | ... K44: =IF(Raw_data!K48="",NA(),Raw_data!K48) -> Cancelled | L44: =COUNTIFS(A:A,A44,B:B,B44,C:C,C44,D:D,D44,E:E,E44,F:F,F44,G:G,G44,H:H,H44,I:I,I44,J:J,J44,K:K,K44) -> 1 | M44: =TEXT(B44,"dd-mm-yy") -> 26-03-25 | N44: =LEFT(Table2[[#This Row],[Date_text]],2) -> 26 | O44: =MID(Table2[[#This Row],[Date_text]],4,2) -> 03 | P44: =RIGHT(Table2[[#This Row],[Date_text]],2) -> 25
A45: =IF(Raw_data!A49="",NA(),Raw_data!A49) -> ORD0048 | B45: =IF(Raw_data!B49="",NA(),Raw_data!B49) -> 45963 | C45: =IF(Raw_data!C49="",NA(),Raw_data!C49) -> T-Shirt | D45: =IF(Raw_data!D49="",NA(),Raw_data!D49) -> Clothing | E45: =IF(Raw_data!E49="",NA(),Raw_data!E49) -> 20 | F45: =IF(Raw_data!F49="",NA(),Raw_data!F49) -> 5 | G45: =IF(Raw_data!G49="",NA(),Raw_data!G49) -> 100 | H45: =IF(Raw_data!H49="",NA(),Raw_data!H49) -> Jane Smith | ... K45: =IF(Raw_data!K49="",NA(),Raw_data!K49) -> Completed | L45: =COUNTIFS(A:A,A45,B:B,B45,C:C,C45,D:D,D45,E:E,E45,F:F,F45,G:G,G45,H:H,H45,I:I,I45,J:J,J45,K:K,K45) -> 1 | M45: =TEXT(B45,"dd-mm-yy") -> 02-11-25 | N45: =LEFT(Table2[[#This Row],[Date_text]],2) -> 02 | O45: =MID(Table2[[#This Row],[Date_text]],4,2) -> 11 | P45: =RIGHT(Table2[[#This Row],[Date_text]],2) -> 25
A46: =IF(Raw_data!A50="",NA(),Raw_data!A50) -> ORD0049 | B46: =IF(Raw_data!B50="",NA(),Raw_data!B50) -> 18-02-25 | C46: =IF(Raw_data!C50="",NA(),Raw_data!C50) -> Smartphone | D46: =IF(Raw_data!D50="",NA(),Raw_data!D50) -> Electronics | E46: 150 | F46: =IF(Raw_data!F50="",NA(),Raw_data!F50) -> 4 | G46: =IF(Raw_data!G50="",NA(),Raw_data!G50) -> 2000 | H46: =IF(Raw_data!H50="",NA(),Raw_data!H50) -> Emma Clark | I46: =IF(Raw_data!I50="",NA(),Raw_data!I50) -> Chicago | J46: =IF(Raw_data!J50="",NA(),Raw_data!J50) -> Debit Card | K46: =IF(Raw_data!K50="",NA(),Raw_data!K50) -> Completed | L46: =COUNTIFS(A:A,A46,B:B,B46,C:C,C46,D:D,D46,E:E,E46,F:F,F46,G:G,G46,H:H,H46,I:I,I46,J:J,J46,K:K,K46) -> 1 | M46: =TEXT(B46,"dd-mm-yy") -> 18-02-25 | N46: =LEFT(Table2[[#This Row],[Date_text]],2) -> 18 | O46: =MID(Table2[[#This Row],[Date_text]],4,2) -> 02 | P46: =RIGHT(Table2[[#This Row],[Date_text]],2) -> 25
A47: =IF(Raw_data!A51="",NA(),Raw_data!A51) -> ORD0050 | B47: =IF(Raw_data!B51="",NA(),Raw_data!B51) -> 14-03-25 | C47: =IF(Raw_data!C51="",NA(),Raw_data!C51) -> Jeans | D47: =IF(Raw_data!D51="",NA(),Raw_data!D51) -> Clothing | E47: =IF(Raw_data!E51="",NA(),Raw_data!E51) -> 40 | F47: =IF(Raw_data!F51="",NA(),Raw_data!F51) -> 3 | G47: =IF(Raw_data!G51="",NA(),Raw_data!G51) -> 120 | H47: =IF(Raw_data!H51="",NA(),Raw_data!H51) -> John Doe | ... K47: =IF(Raw_data!K51="",NA(),Raw_data!K51) -> Completed | L47: =COUNTIFS(A:A,A47,B:B,B47,C:C,C47,D:D,D47,E:E,E47,F:F,F47,G:G,G47,H:H,H47,I:I,I47,J:J,J47,K:K,K47) -> 1 | M47: =TEXT(B47,"dd-mm-yy") -> 14-03-25 | N47: =LEFT(Table2[[#This Row],[Date_text]],2) -> 14 | O47: =MID(Table2[[#This Row],[Date_text]],4,2) -> 03 | P47: =RIGHT(Table2[[#This Row],[Date_text]],2) -> 25
A48: =IF(Raw_data!A52="",NA(),Raw_data!A52) -> ORD0051 | B48: =IF(Raw_data!B52="",NA(),Raw_data!B52) -> 19-02-25 | C48: =IF(Raw_data!C52="",NA(),Raw_data!C52) -> Book | D48: =IF(Raw_data!D52="",NA(),Raw_data!D52) -> Books | E48: =IF(Raw_data!E52="",NA(),Raw_data!E52) -> 15 | F48: =IF(Raw_data!F52="",NA(),Raw_data!F52) -> 1 | G48: =IF(Raw_data!G52="",NA(),Raw_data!G52) -> 15 | H48: =IF(Raw_data!H52="",NA(),Raw_data!H52) -> Emma Clark | ... K48: =IF(Raw_data!K52="",NA(),Raw_data!K52) -> Cancelled | L48: =COUNTIFS(A:A,A48,B:B,B48,C:C,C48,D:D,D48,E:E,E48,F:F,F48,G:G,G48,H:H,H48,I:I,I48,J:J,J48,K:K,K48) -> 1 | M48: =TEXT(B48,"dd-mm-yy") -> 19-02-25 | N48: =LEFT(Table2[[#This Row],[Date_text]],2) -> 19 | O48: =MID(Table2[[#This Row],[Date_text]],4,2) -> 02 | P48: =RIGHT(Table2[[#This Row],[Date_text]],2) -> 25
A49: =IF(Raw_data!A53="",NA(),Raw_data!A53) -> ORD0052 | B49: =IF(Raw_data!B53="",NA(),Raw_data!B53) -> 24-02-25 | C49: =IF(Raw_data!C53="",NA(),Raw_data!C53) -> Laptop | D49: =IF(Raw_data!D53="",NA(),Raw_data!D53) -> Electronics | E49: =IF(Raw_data!E53="",NA(),Raw_data!E53) -> 800 | F49: =IF(Raw_data!F53="",NA(),Raw_data!F53) -> 3 | G49: =IF(Raw_data!G53="",NA(),Raw_data!G53) -> 2400 | H49: =IF(Raw_data!H53="",NA(),Raw_data!H53) -> John Doe | ... K49: =IF(Raw_data!K53="",NA(),Raw_data!K53) -> Pending | L49: =COUNTIFS(A:A,A49,B:B,B49,C:C,C49,D:D,D49,E:E,E49,F:F,F49,G:G,G49,H:H,H49,I:I,I49,J:J,J49,K:K,K49) -> 1 | M49: =TEXT(B49,"dd-mm-yy") -> 24-02-25 | N49: =LEFT(Table2[[#This Row],[Date_text]],2) -> 24 | O49: =MID(Table2[[#This Row],[Date_text]],4,2) -> 02 | P49: =RIGHT(Table2[[#This Row],[Date_text]],2) -> 25
A50: =IF(Raw_data!A54="",NA(),Raw_data!A54) -> ORD0053 | B50: =IF(Raw_data!B54="",NA(),Raw_data!B54) -> 24-03-25 | C50: =IF(Raw_data!C54="",NA(),Raw_data!C54) -> Running Shoes | D50: =IF(Raw_data!D54="",NA(),Raw_data!D54) -> Footwear | E50: =IF(Raw_data!E54="",NA(),Raw_data!E54) -> 60 | F50: =IF(Raw_data!F54="",NA(),Raw_data!F54) -> 4 | G50: =IF(Raw_data!G54="",NA(),Raw_data!G54) -> 240 | H50: =IF(Raw_data!H54="",NA(),Raw_data!H54) -> Emily Johnson | ... K50: =IF(Raw_data!K54="",NA(),Raw_data!K54) -> Completed | L50: =COUNTIFS(A:A,A50,B:B,B50,C:C,C50,D:D,D50,E:E,E50,F:F,F50,G:G,G50,H:H,H50,I:I,I50,J:J,J50,K:K,K50) -> 1 | M50: =TEXT(B50,"dd-mm-yy") -> 24-03-25 | N50: =LEFT(Table2[[#This Row],[Date_text]],2) -> 24 | O50: =MID(Table2[[#This Row],[Date_text]],4,2) -> 03 | P50: =RIGHT(Table2[[#This Row],[Date_text]],2) -> 25
A51: =IF(Raw_data!A55="",NA(),Raw_data!A55) -> ORD0054 | B51: =IF(Raw_data!B55="",NA(),Raw_data!B55) -> 15-03-25 | C51: =IF(Raw_data!C55="",NA(),Raw_data!C55) -> Smartwatch | D51: =IF(Raw_data!D55="",NA(),Raw_data!D55) -> Electronics | E51: =IF(Raw_data!E55="",NA(),Raw_data!E55) -> 150 | F51: =IF(Raw_data!F55="",NA(),Raw_data!F55) -> 3 | G51: =IF(Raw_data!G55="",NA(),Raw_data!G55) -> 450 | H51: =IF(Raw_data!H55="",NA(),Raw_data!H55) -> David Lee | ... K51: =IF(Raw_data!K55="",NA(),Raw_data!K55) -> Pending | L51: =COUNTIFS(A:A,A51,B:B,B51,C:C,C51,D:D,D51,E:E,E51,F:F,F51,G:G,G51,H:H,H51,I:I,I51,J:J,J51,K:K,K51) -> 1 | M51: =TEXT(B51,"dd-mm-yy") -> 15-03-25 | N51: =LEFT(Table2[[#This Row],[Date_text]],2) -> 15 | O51: =MID(Table2[[#This Row],[Date_text]],4,2) -> 03 | P51: =RIGHT(Table2[[#This Row],[Date_text]],2) -> 25
A52: =IF(Raw_data!A56="",NA(),Raw_data!A56) -> ORD0055 | B52: =IF(Raw_data!B56="",NA(),Raw_data!B56) -> 15-03-25 | C52: =IF(Raw_data!C56="",NA(),Raw_data!C56) -> Jeans | D52: Electronics | E52: =IF(Raw_data!E56="",NA(),Raw_data!E56) -> 40 | F52: =IF(Raw_data!F56="",NA(),Raw_data!F56) -> 2 | G52: =IF(Raw_data!G56="",NA(),Raw_data!G56) -> 80 | H52: =IF(Raw_data!H56="",NA(),Raw_data!H56) -> Sophia Miller | I52: =IF(Raw_data!I56="",NA(),Raw_data!I56) -> Dallas | J52: =IF(Raw_data!J56="",NA(),Raw_data!J56) -> PayPal | K52: =IF(Raw_data!K56="",NA(),Raw_data!K56) -> Completed | L52: =COUNTIFS(A:A,A52,B:B,B52,C:C,C52,D:D,D52,E:E,E52,F:F,F52,G:G,G52,H:H,H52,I:I,I52,J:J,J52,K:K,K52) -> 1 | M52: =TEXT(B52,"dd-mm-yy") -> 15-03-25 | N52: =LEFT(Table2[[#This Row],[Date_text]],2) -> 15 | O52: =MID(Table2[[#This Row],[Date_text]],4,2) -> 03 | P52: =RIGHT(Table2[[#This Row],[Date_text]],2) -> 25
A53: =IF(Raw_data!A57="",NA(),Raw_data!A57) -> ORD0056 | B53: =IF(Raw_data!B57="",NA(),Raw_data!B57) -> 19-03-25 | C53: =IF(Raw_data!C57="",NA(),Raw_data!C57) -> Smartwatch | D53: =IF(Raw_data!D57="",NA(),Raw_data!D57) -> Electronics | E53: =IF(Raw_data!E57="",NA(),Raw_data!E57) -> 150 | F53: =IF(Raw_data!F57="",NA(),Raw_data!F57) -> 2 | G53: =IF(Raw_data!G57="",NA(),Raw_data!G57) -> 300 | H53: =IF(Raw_data!H57="",NA(),Raw_data!H57) -> Emma Clark | ... K53: =IF(Raw_data!K57="",NA(),Raw_data!K57) -> Completed | L53: =COUNTIFS(A:A,A53,B:B,B53,C:C,C53,D:D,D53,E:E,E53,F:F,F53,G:G,G53,H:H,H53,I:I,I53,J:J,J53,K:K,K53) -> 1 | M53: =TEXT(B53,"dd-mm-yy") -> 19-03-25 | N53: =LEFT(Table2[[#This Row],[Date_text]],2) -> 19 | O53: =MID(Table2[[#This Row],[Date_text]],4,2) -> 03 | P53: =RIGHT(Table2[[#This Row],[Date_text]],2) -> 25
A54: =IF(Raw_data!A58="",NA(),Raw_data!A58) -> ORD0057 | B54: =IF(Raw_data!B58="",NA(),Raw_data!B58) -> 15-03-25 | C54: =IF(Raw_data!C58="",NA(),Raw_data!C58) -> Smartphone | D54: =IF(Raw_data!D58="",NA(),Raw_data!D58) -> Electronics | E54: =IF(Raw_data!E58="",NA(),Raw_data!E58) -> 500 | F54: =IF(Raw_data!F58="",NA(),Raw_data!F58) -> 1 | G54: =IF(Raw_data!G58="",NA(),Raw_data!G58) -> 500 | H54: =IF(Raw_data!H58="",NA(),Raw_data!H58) -> Jane Smith | ... K54: =IF(Raw_data!K58="",NA(),Raw_data!K58) -> Cancelled | L54: =COUNTIFS(A:A,A54,B:B,B54,C:C,C54,D:D,D54,E:E,E54,F:F,F54,G:G,G54,H:H,H54,I:I,I54,J:J,J54,K:K,K54) -> 1 | M54: =TEXT(B54,"dd-mm-yy") -> 15-03-25 | N54: =LEFT(Table2[[#This Row],[Date_text]],2) -> 15 | O54: =MID(Table2[[#This Row],[Date_text]],4,2) -> 03 | P54: =RIGHT(Table2[[#This Row],[Date_text]],2) -> 25
A55: =IF(Raw_data!A60="",NA(),Raw_data!A60) -> ORD0059 | B55: =IF(Raw_data!B60="",NA(),Raw_data!B60) -> 45661 | C55: =IF(Raw_data!C60="",NA(),Raw_data!C60) -> Smartwatch | D55: =IF(Raw_data!D60="",NA(),Raw_data!D60) -> Electronics | E55: =IF(Raw_data!E60="",NA(),Raw_data!E60) -> 150 | F55: =IF(Raw_data!F60="",NA(),Raw_data!F60) -> 2 | G55: =IF(Raw_data!G60="",NA(),Raw_data!G60) -> 300 | H55: =IF(Raw_data!H60="",NA(),Raw_data!H60) -> Daniel Harris | ... K55: =IF(Raw_data!K60="",NA(),Raw_data!K60) -> Cancelled | L55: =COUNTIFS(A:A,A55,B:B,B55,C:C,C55,D:D,D55,E:E,E55,F:F,F55,G:G,G55,H:H,H55,I:I,I55,J:J,J55,K:K,K55) -> 1 | M55: =TEXT(B55,"dd-mm-yy") -> 04-01-25 | N55: =LEFT(Table2[[#This Row],[Date_text]],2) -> 04 | O55: =MID(Table2[[#This Row],[Date_text]],4,2) -> 01 | P55: =RIGHT(Table2[[#This Row],[Date_text]],2) -> 25
A56: =IF(Raw_data!A61="",NA(),Raw_data!A61) -> ORD0060 | B56: =IF(Raw_data!B61="",NA(),Raw_data!B61) -> 45994 | C56: =IF(Raw_data!C61="",NA(),Raw_data!C61) -> Book | D56: =IF(Raw_data!D61="",NA(),Raw_data!D61) -> Books | E56: =IF(Raw_data!E61="",NA(),Raw_data!E61) -> 15 | F56: =IF(Raw_data!F61="",NA(),Raw_data!F61) -> 5 | G56: =IF(Raw_data!G61="",NA(),Raw_data!G61) -> 75 | H56: =IF(Raw_data!H61="",NA(),Raw_data!H61) -> Jane Smith | ... K56: =IF(Raw_data!K61="",NA(),Raw_data!K61) -> Pending | L56: =COUNTIFS(A:A,A56,B:B,B56,C:C,C56,D:D,D56,E:E,E56,F:F,F56,G:G,G56,H:H,H56,I:I,I56,J:J,J56,K:K,K56) -> 1 | M56: =TEXT(B56,"dd-mm-yy") -> 03-12-25 | N56: =LEFT(Table2[[#This Row],[Date_text]],2) -> 03 | O56: =MID(Table2[[#This Row],[Date_text]],4,2) -> 12 | P56: =RIGHT(Table2[[#This Row],[Date_text]],2) -> 25
A57: =IF(Raw_data!A62="",NA(),Raw_data!A62) -> ORD0061 | B57: =IF(Raw_data!B62="",NA(),Raw_data!B62) -> 45964 | C57: =IF(Raw_data!C62="",NA(),Raw_data!C62) -> Refrigerator | D57: =IF(Raw_data!D62="",NA(),Raw_data!D62) -> Home Appliances | E57: 150 | F57: 3 | G57: =IF(Raw_data!G62="",NA(),Raw_data!G62) -> 1200 | H57: =IF(Raw_data!H62="",NA(),Raw_data!H62) -> Jane Smith | I57: =IF(Raw_data!I62="",NA(),Raw_data!I62) -> New York | J57: =IF(Raw_data!J62="",NA(),Raw_data!J62) -> PayPal | K57: =IF(Raw_data!K62="",NA(),Raw_data!K62) -> Cancelled | L57: =COUNTIFS(A:A,A57,B:B,B57,C:C,C57,D:D,D57,E:E,E57,F:F,F57,G:G,G57,H:H,H57,I:I,I57,J:J,J57,K:K,K57) -> 1 | M57: =TEXT(B57,"dd-mm-yy") -> 03-11-25 | N57: =LEFT(Table2[[#This Row],[Date_text]],2) -> 03 | O57: =MID(Table2[[#This Row],[Date_text]],4,2) -> 11 | P57: =RIGHT(Table2[[#This Row],[Date_text]],2) -> 25
A58: =IF(Raw_data!A63="",NA(),Raw_data!A63) -> ORD0062 | B58: =IF(Raw_data!B63="",NA(),Raw_data!B63) -> 45932 | C58: =IF(Raw_data!C63="",NA(),Raw_data!C63) -> Laptop | D58: =IF(Raw_data!D63="",NA(),Raw_data!D63) -> Electronics | E58: =IF(Raw_data!E63="",NA(),Raw_data!E63) -> 800 | F58: =IF(Raw_data!F63="",NA(),Raw_data!F63) -> 5 | G58: =IF(Raw_data!G63="",NA(),Raw_data!G63) -> 4000 | H58: =IF(Raw_data!H63="",NA(),Raw_data!H63) -> Olivia Wilson | ... K58: =IF(Raw_data!K63="",NA(),Raw_data!K63) -> Completed | L58: =COUNTIFS(A:A,A58,B:B,B58,C:C,C58,D:D,D58,E:E,E58,F:F,F58,G:G,G58,H:H,H58,I:I,I58,J:J,J58,K:K,K58) -> 1 | M58: =TEXT(B58,"dd-mm-yy") -> 02-10-25 | N58: =LEFT(Table2[[#This Row],[Date_text]],2) -> 02 | O58: =MID(Table2[[#This Row],[Date_text]],4,2) -> 10 | P58: =RIGHT(Table2[[#This Row],[Date_text]],2) -> 25
A59: =IF(Raw_data!A64="",NA(),Raw_data!A64) -> ORD0063 | B59: =IF(Raw_data!B64="",NA(),Raw_data!B64) -> 30-03-25 | C59: =IF(Raw_data!C64="",NA(),Raw_data!C64) -> Smartphone | D59: =IF(Raw_data!D64="",NA(),Raw_data!D64) -> Electronics | E59: =IF(Raw_data!E64="",NA(),Raw_data!E64) -> 500 | F59: =IF(Raw_data!F64="",NA(),Raw_data!F64) -> 5 | G59: =IF(Raw_data!G64="",NA(),Raw_data!G64) -> 2500 | H59: =IF(Raw_data!H64="",NA(),Raw_data!H64) -> Emma Clark | ... K59: =IF(Raw_data!K64="",NA(),Raw_data!K64) -> Completed | L59: =COUNTIFS(A:A,A59,B:B,B59,C:C,C59,D:D,D59,E:E,E59,F:F,F59,G:G,G59,H:H,H59,I:I,I59,J:J,J59,K:K,K59) -> 1 | M59: =TEXT(B59,"dd-mm-yy") -> 30-03-25 | N59: =LEFT(Table2[[#This Row],[Date_text]],2) -> 30 | O59: =MID(Table2[[#This Row],[Date_text]],4,2) -> 03 | P59: =RIGHT(Table2[[#This Row],[Date_text]],2) -> 25
A60: =IF(Raw_data!A65="",NA(),Raw_data!A65) -> ORD0064 | B60: =IF(Raw_data!B65="",NA(),Raw_data!B65) -> 13-02-25 | C60: =IF(Raw_data!C65="",NA(),Raw_data!C65) -> Refrigerator | D60: Electronics | E60: =IF(Raw_data!E65="",NA(),Raw_data!E65) -> 1200 | F60: =IF(Raw_data!F65="",NA(),Raw_data!F65) -> 4 | G60: =IF(Raw_data!G65="",NA(),Raw_data!G65) -> 4800 | H60: =IF(Raw_data!H65="",NA(),Raw_data!H65) -> Emily Johnson | I60: =IF(Raw_data!I65="",NA(),Raw_data!I65) -> Denver | J60: =IF(Raw_data!J65="",NA(),Raw_data!J65) -> PayPal | K60: =IF(Raw_data!K65="",NA(),Raw_data!K65) -> Pending | L60: =COUNTIFS(A:A,A60,B:B,B60,C:C,C60,D:D,D60,E:E,E60,F:F,F60,G:G,G60,H:H,H60,I:I,I60,J:J,J60,K:K,K60) -> 1 | M60: =TEXT(B60,"dd-mm-yy") -> 13-02-25 | N60: =LEFT(Table2[[#This Row],[Date_text]],2) -> 13 | O60: =MID(Table2[[#This Row],[Date_text]],4,2) -> 02 | P60: =RIGHT(Table2[[#This Row],[Date_text]],2) -> 25
A61: =IF(Raw_data!A66="",NA(),Raw_data!A66) -> ORD0065 | B61: =IF(Raw_data!B66="",NA(),Raw_data!B66) -> 16-03-25 | C61: =IF(Raw_data!C66="",NA(),Raw_data!C66) -> Book | D61: =IF(Raw_data!D66="",NA(),Raw_data!D66) -> Books | E61: =IF(Raw_data!E66="",NA(),Raw_data!E66) -> 15 | F61: =IF(Raw_data!F66="",NA(),Raw_data!F66) -> 3 | G61: =IF(Raw_data!G66="",NA(),Raw_data!G66) -> 45 | H61: =IF(Raw_data!H66="",NA(),Raw_data!H66) -> Emma Clark | ... K61: =IF(Raw_data!K66="",NA(),Raw_data!K66) -> Pending | L61: =COUNTIFS(A:A,A61,B:B,B61,C:C,C61,D:D,D61,E:E,E61,F:F,F61,G:G,G61,H:H,H61,I:I,I61,J:J,J61,K:K,K61) -> 1 | M61: =TEXT(B61,"dd-mm-yy") -> 16-03-25 | N61: =LEFT(Table2[[#This Row],[Date_text]],2) -> 16 | O61: =MID(Table2[[#This Row],[Date_text]],4,2) -> 03 | P61: =RIGHT(Table2[[#This Row],[Date_text]],2) -> 25
A62: =IF(Raw_data!A67="",NA(),Raw_data!A67) -> ORD0066 | B62: =IF(Raw_data!B67="",NA(),Raw_data!B67) -> 14-03-25 | C62: =IF(Raw_data!C67="",NA(),Raw_data!C67) -> Smartwatch | D62: =IF(Raw_data!D67="",NA(),Raw_data!D67) -> Electronics | E62: =IF(Raw_data!E67="",NA(),Raw_data!E67) -> 150 | F62: =IF(Raw_data!F67="",NA(),Raw_data!F67) -> 2 | G62: =IF(Raw_data!G67="",NA(),Raw_data!G67) -> 300 | H62: =IF(Raw_data!H67="",NA(),Raw_data!H67) -> Michael Brown | ... K62: =IF(Raw_data!K67="",NA(),Raw_data!K67) -> Pending | L62: =COUNTIFS(A:A,A62,B:B,B62,C:C,C62,D:D,D62,E:E,E62,F:F,F62,G:G,G62,H:H,H62,I:I,I62,J:J,J62,K:K,K62) -> 1 | M62: =TEXT(B62,"dd-mm-yy") -> 14-03-25 | N62: =LEFT(Table2[[#This Row],[Date_text]],2) -> 14 | O62: =MID(Table2[[#This Row],[Date_text]],4,2) -> 03 | P62: =RIGHT(Table2[[#This Row],[Date_text]],2) -> 25
A63: =IF(Raw_data!A68="",NA(),Raw_data!A68) -> ORD0067 | B63: =IF(Raw_data!B68="",NA(),Raw_data!B68) -> 31-03-25 | C63: =IF(Raw_data!C68="",NA(),Raw_data!C68) -> Headphones | D63: =IF(Raw_data!D68="",NA(),Raw_data!D68) -> Electronics | E63: =IF(Raw_data!E68="",NA(),Raw_data!E68) -> 100 | F63: =IF(Raw_data!F68="",NA(),Raw_data!F68) -> 3 | G63: =IF(Raw_data!G68="",NA(),Raw_data!G68) -> 300 | H63: =IF(Raw_data!H68="",NA(),Raw_data!H68) -> Chris White | ... K63: =IF(Raw_data!K68="",NA(),Raw_data!K68) -> Pending | L63: =COUNTIFS(A:A,A63,B:B,B63,C:C,C63,D:D,D63,E:E,E63,F:F,F63,G:G,G63,H:H,H63,I:I,I63,J:J,J63,K:K,K63) -> 1 | M63: =TEXT(B63,"dd-mm-yy") -> 31-03-25 | N63: =LEFT(Table2[[#This Row],[Date_text]],2) -> 31 | O63: =MID(Table2[[#This Row],[Date_text]],4,2) -> 03 | P63: =RIGHT(Table2[[#This Row],[Date_text]],2) -> 25
A64: =IF(Raw_data!A69="",NA(),Raw_data!A69) -> ORD0068 | B64: =IF(Raw_data!B69="",NA(),Raw_data!B69) -> 23-02-25 | C64: =IF(Raw_data!C69="",NA(),Raw_data!C69) -> Headphones | D64: =IF(Raw_data!D69="",NA(),Raw_data!D69) -> Electronics | E64: =IF(Raw_data!E69="",NA(),Raw_data!E69) -> 100 | F64: =IF(Raw_data!F69="",NA(),Raw_data!F69) -> 1 | G64: =IF(Raw_data!G69="",NA(),Raw_data!G69) -> 100 | H64: =IF(Raw_data!H69="",NA(),Raw_data!H69) -> David Lee | ... K64: =IF(Raw_data!K69="",NA(),Raw_data!K69) -> Cancelled | L64: =COUNTIFS(A:A,A64,B:B,B64,C:C,C64,D:D,D64,E:E,E64,F:F,F64,G:G,G64,H:H,H64,I:I,I64,J:J,J64,K:K,K64) -> 1 | M64: =TEXT(B64,"dd-mm-yy") -> 23-02-25 | N64: =LEFT(Table2[[#This Row],[Date_text]],2) -> 23 | O64: =MID(Table2[[#This Row],[Date_text]],4,2) -> 02 | P64: =RIGHT(Table2[[#This Row],[Date_text]],2) -> 25
A65: =IF(Raw_data!A70="",NA(),Raw_data!A70) -> ORD0069 | B65: =IF(Raw_data!B70="",NA(),Raw_data!B70) -> 25-02-25 | C65: =IF(Raw_data!C70="",NA(),Raw_data!C70) -> Refrigerator | D65: =IF(Raw_data!D70="",NA(),Raw_data!D70) -> Home Appliances | E65: =IF(Raw_data!E70="",NA(),Raw_data!E70) -> 1200 | F65: =IF(Raw_data!F70="",NA(),Raw_data!F70) -> 4 | G65: =IF(Raw_data!G70="",NA(),Raw_data!G70) -> 4800 | H65: =IF(Raw_data!H70="",NA(),Raw_data!H70) -> David Lee | ... K65: =IF(Raw_data!K70="",NA(),Raw_data!K70) -> Pending | L65: =COUNTIFS(A:A,A65,B:B,B65,C:C,C65,D:D,D65,E:E,E65,F:F,F65,G:G,G65,H:H,H65,I:I,I65,J:J,J65,K:K,K65) -> 1 | M65: =TEXT(B65,"dd-mm-yy") -> 25-02-25 | N65: =LEFT(Table2[[#This Row],[Date_text]],2) -> 25 | O65: =MID(Table2[[#This Row],[Date_text]],4,2) -> 02 | P65: =RIGHT(Table2[[#This Row],[Date_text]],2) -> 25
A66: =IF(Raw_data!A71="",NA(),Raw_data!A71) -> ORD0070 | B66: =IF(Raw_data!B71="",NA(),Raw_data!B71) -> 45933 | C66: =IF(Raw_data!C71="",NA(),Raw_data!C71) -> Book | D66: =IF(Raw_data!D71="",NA(),Raw_data!D71) -> Books | E66: 150 | F66: =IF(Raw_data!F71="",NA(),Raw_data!F71) -> 1 | G66: =IF(Raw_data!G71="",NA(),Raw_data!G71) -> 15 | H66: =IF(Raw_data!H71="",NA(),Raw_data!H71) -> Emily Johnson | I66: =IF(Raw_data!I71="",NA(),Raw_data!I71) -> Boston | J66: =IF(Raw_data!J71="",NA(),Raw_data!J71) -> Credit Card | K66: =IF(Raw_data!K71="",NA(),Raw_data!K71) -> Completed | L66: =COUNTIFS(A:A,A66,B:B,B66,C:C,C66,D:D,D66,E:E,E66,F:F,F66,G:G,G66,H:H,H66,I:I,I66,J:J,J66,K:K,K66) -> 1 | M66: =TEXT(B66,"dd-mm-yy") -> 03-10-25 | N66: =LEFT(Table2[[#This Row],[Date_text]],2) -> 03 | O66: =MID(Table2[[#This Row],[Date_text]],4,2) -> 10 | P66: =RIGHT(Table2[[#This Row],[Date_text]],2) -> 25
A67: =IF(Raw_data!A72="",NA(),Raw_data!A72) -> ORD0071 | B67: =IF(Raw_data!B72="",NA(),Raw_data!B72) -> 16-03-25 | C67: =IF(Raw_data!C72="",NA(),Raw_data!C72) -> Smartwatch | D67: =IF(Raw_data!D72="",NA(),Raw_data!D72) -> Electronics | E67: =IF(Raw_data!E72="",NA(),Raw_data!E72) -> 150 | F67: =IF(Raw_data!F72="",NA(),Raw_data!F72) -> 5 | G67: =IF(Raw_data!G72="",NA(),Raw_data!G72) -> 750 | H67: =IF(Raw_data!H72="",NA(),Raw_data!H72) -> John Doe | ... K67: =IF(Raw_data!K72="",NA(),Raw_data!K72) -> Pending | L67: =COUNTIFS(A:A,A67,B:B,B67,C:C,C67,D:D,D67,E:E,E67,F:F,F67,G:G,G67,H:H,H67,I:I,I67,J:J,J67,K:K,K67) -> 1 | M67: =TEXT(B67,"dd-mm-yy") -> 16-03-25 | N67: =LEFT(Table2[[#This Row],[Date_text]],2) -> 16 | O67: =MID(Table2[[#This Row],[Date_text]],4,2) -> 03 | P67: =RIGHT(Table2[[#This Row],[Date_text]],2) -> 25
A68: =IF(Raw_data!A73="",NA(),Raw_data!A73) -> ORD0072 | B68: =IF(Raw_data!B73="",NA(),Raw_data!B73) -> 45841 | C68: =IF(Raw_data!C73="",NA(),Raw_data!C73) -> Laptop | D68: =IF(Raw_data!D73="",NA(),Raw_data!D73) -> Electronics | E68: =IF(Raw_data!E73="",NA(),Raw_data!E73) -> 800 | F68: =IF(Raw_data!F73="",NA(),Raw_data!F73) -> 3 | G68: =IF(Raw_data!G73="",NA(),Raw_data!G73) -> 2400 | H68: =IF(Raw_data!H73="",NA(),Raw_data!H73) -> Daniel Harris | ... K68: =IF(Raw_data!K73="",NA(),Raw_data!K73) -> Pending | L68: =COUNTIFS(A:A,A68,B:B,B68,C:C,C68,D:D,D68,E:E,E68,F:F,F68,G:G,G68,H:H,H68,I:I,I68,J:J,J68,K:K,K68) -> 1 | M68: =TEXT(B68,"dd-mm-yy") -> 03-07-25 | N68: =LEFT(Table2[[#This Row],[Date_text]],2) -> 03 | O68: =MID(Table2[[#This Row],[Date_text]],4,2) -> 07 | P68: =RIGHT(Table2[[#This Row],[Date_text]],2) -> 25
A69: =IF(Raw_data!A75="",NA(),Raw_data!A75) -> ORD0074 | B69: =IF(Raw_data!B75="",NA(),Raw_data!B75) -> 25-03-25 | C69: =IF(Raw_data!C75="",NA(),Raw_data!C75) -> Refrigerator | D69: =IF(Raw_data!D75="",NA(),Raw_data!D75) -> Home Appliances | E69: =IF(Raw_data!E75="",NA(),Raw_data!E75) -> 1200 | F69: =IF(Raw_data!F75="",NA(),Raw_data!F75) -> 4 | G69: =IF(Raw_data!G75="",NA(),Raw_data!G75) -> 4800 | H69: =IF(Raw_data!H75="",NA(),Raw_data!H75) -> Jane Smith | ... K69: =IF(Raw_data!K75="",NA(),Raw_data!K75) -> Cancelled | L69: =COUNTIFS(A:A,A69,B:B,B69,C:C,C69,D:D,D69,E:E,E69,F:F,F69,G:G,G69,H:H,H69,I:I,I69,J:J,J69,K:K,K69) -> 1 | M69: =TEXT(B69,"dd-mm-yy") -> 25-03-25 | N69: =LEFT(Table2[[#This Row],[Date_text]],2) -> 25 | O69: =MID(Table2[[#This Row],[Date_text]],4,2) -> 03 | P69: =RIGHT(Table2[[#This Row],[Date_text]],2) -> 25
A70: =IF(Raw_data!A76="",NA(),Raw_data!A76) -> ORD0075 | B70: =IF(Raw_data!B76="",NA(),Raw_data!B76) -> 26-02-25 | C70: =IF(Raw_data!C76="",NA(),Raw_data!C76) -> Headphones | D70: =IF(Raw_data!D76="",NA(),Raw_data!D76) -> Electronics | E70: =IF(Raw_data!E76="",NA(),Raw_data!E76) -> 100 | F70: =IF(Raw_data!F76="",NA(),Raw_data!F76) -> 2 | G70: =IF(Raw_data!G76="",NA(),Raw_data!G76) -> 200 | H70: =IF(Raw_data!H76="",NA(),Raw_data!H76) -> Daniel Harris | ... K70: =IF(Raw_data!K76="",NA(),Raw_data!K76) -> Pending | L70: =COUNTIFS(A:A,A70,B:B,B70,C:C,C70,D:D,D70,E:E,E70,F:F,F70,G:G,G70,H:H,H70,I:I,I70,J:J,J70,K:K,K70) -> 1 | M70: =TEXT(B70,"dd-mm-yy") -> 26-02-25 | N70: =LEFT(Table2[[#This Row],[Date_text]],2) -> 26 | O70: =MID(Table2[[#This Row],[Date_text]],4,2) -> 02 | P70: =RIGHT(Table2[[#This Row],[Date_text]],2) -> 25
A71: =IF(Raw_data!A77="",NA(),Raw_data!A77) -> ORD0076 | B71: =IF(Raw_data!B77="",NA(),Raw_data!B77) -> 24-02-25 | C71: =IF(Raw_data!C77="",NA(),Raw_data!C77) -> Washing Machine | D71: Electronics | E71: =IF(Raw_data!E77="",NA(),Raw_data!E77) -> 600 | F71: =IF(Raw_data!F77="",NA(),Raw_data!F77) -> 1 | G71: =IF(Raw_data!G77="",NA(),Raw_data!G77) -> 600 | H71: =IF(Raw_data!H77="",NA(),Raw_data!H77) -> Jane Smith | I71: =IF(Raw_data!I77="",NA(),Raw_data!I77) -> Dallas | J71: =IF(Raw_data!J77="",NA(),Raw_data!J77) -> Amazon Pay | K71: =IF(Raw_data!K77="",NA(),Raw_data!K77) -> Completed | L71: =COUNTIFS(A:A,A71,B:B,B71,C:C,C71,D:D,D71,E:E,E71,F:F,F71,G:G,G71,H:H,H71,I:I,I71,J:J,J71,K:K,K71) -> 1 | M71: =TEXT(B71,"dd-mm-yy") -> 24-02-25 | N71: =LEFT(Table2[[#This Row],[Date_text]],2) -> 24 | O71: =MID(Table2[[#This Row],[Date_text]],4,2) -> 02 | P71: =RIGHT(Table2[[#This Row],[Date_text]],2) -> 25
A72: =IF(Raw_data!A78="",NA(),Raw_data!A78) -> ORD0077 | B72: =IF(Raw_data!B78="",NA(),Raw_data!B78) -> 20-03-25 | C72: =IF(Raw_data!C78="",NA(),Raw_data!C78) -> Headphones | D72: =IF(Raw_data!D78="",NA(),Raw_data!D78) -> Electronics | E72: =IF(Raw_data!E78="",NA(),Raw_data!E78) -> 100 | F72: =IF(Raw_data!F78="",NA(),Raw_data!F78) -> 2 | G72: =IF(Raw_data!G78="",NA(),Raw_data!G78) -> 200 | H72: =IF(Raw_data!H78="",NA(),Raw_data!H78) -> Daniel Harris | ... K72: =IF(Raw_data!K78="",NA(),Raw_data!K78) -> Completed | L72: =COUNTIFS(A:A,A72,B:B,B72,C:C,C72,D:D,D72,E:E,E72,F:F,F72,G:G,G72,H:H,H72,I:I,I72,J:J,J72,K:K,K72) -> 1 | M72: =TEXT(B72,"dd-mm-yy") -> 20-03-25 | N72: =LEFT(Table2[[#This Row],[Date_text]],2) -> 20 | O72: =MID(Table2[[#This Row],[Date_text]],4,2) -> 03 | P72: =RIGHT(Table2[[#This Row],[Date_text]],2) -> 25
A73: =IF(Raw_data!A79="",NA(),Raw_data!A79) -> ORD0078 | B73: =IF(Raw_data!B79="",NA(),Raw_data!B79) -> 18-03-25 | C73: =IF(Raw_data!C79="",NA(),Raw_data!C79) -> Smartwatch | D73: =IF(Raw_data!D79="",NA(),Raw_data!D79) -> Electronics | E73: =IF(Raw_data!E79="",NA(),Raw_data!E79) -> 150 | F73: =IF(Raw_data!F79="",NA(),Raw_data!F79) -> 2 | G73: =IF(Raw_data!G79="",NA(),Raw_data!G79) -> 300 | H73: =IF(Raw_data!H79="",NA(),Raw_data!H79) -> Emma Clark | ... K73: =IF(Raw_data!K79="",NA(),Raw_data!K79) -> Cancelled | L73: =COUNTIFS(A:A,A73,B:B,B73,C:C,C73,D:D,D73,E:E,E73,F:F,F73,G:G,G73,H:H,H73,I:I,I73,J:J,J73,K:K,K73) -> 1 | M73: =TEXT(B73,"dd-mm-yy") -> 18-03-25 | N73: =LEFT(Table2[[#This Row],[Date_text]],2) -> 18 | O73: =MID(Table2[[#This Row],[Date_text]],4,2) -> 03 | P73: =RIGHT(Table2[[#This Row],[Date_text]],2) -> 25
A74: =IF(Raw_data!A80="",NA(),Raw_data!A80) -> ORD0079 | B74: =IF(Raw_data!B80="",NA(),Raw_data!B80) -> 45903 | C74: =IF(Raw_data!C80="",NA(),Raw_data!C80) -> Running Shoes | D74: =IF(Raw_data!D80="",NA(),Raw_data!D80) -> Footwear | E74: =IF(Raw_data!E80="",NA(),Raw_data!E80) -> 60 | F74: 3 | G74: =IF(Raw_data!G80="",NA(),Raw_data!G80) -> 120 | H74: =IF(Raw_data!H80="",NA(),Raw_data!H80) -> Emily Johnson | I74: =IF(Raw_data!I80="",NA(),Raw_data!I80) -> Denver | J74: =IF(Raw_data!J80="",NA(),Raw_data!J80) -> Gift Card | K74: =IF(Raw_data!K80="",NA(),Raw_data!K80) -> Cancelled | L74: =COUNTIFS(A:A,A74,B:B,B74,C:C,C74,D:D,D74,E:E,E74,F:F,F74,G:G,G74,H:H,H74,I:I,I74,J:J,J74,K:K,K74) -> 1 | M74: =TEXT(B74,"dd-mm-yy") -> 03-09-25 | N74: =LEFT(Table2[[#This Row],[Date_text]],2) -> 03 | O74: =MID(Table2[[#This Row],[Date_text]],4,2) -> 09 | P74: =RIGHT(Table2[[#This Row],[Date_text]],2) -> 25
A75: =IF(Raw_data!A81="",NA(),Raw_data!A81) -> ORD0080 | B75: =IF(Raw_data!B81="",NA(),Raw_data!B81) -> 23-02-25 | C75: =IF(Raw_data!C81="",NA(),Raw_data!C81) -> Running Shoes | D75: =IF(Raw_data!D81="",NA(),Raw_data!D81) -> Footwear | E75: =IF(Raw_data!E81="",NA(),Raw_data!E81) -> 60 | F75: =IF(Raw_data!F81="",NA(),Raw_data!F81) -> 4 | G75: =IF(Raw_data!G81="",NA(),Raw_data!G81) -> 240 | H75: =IF(Raw_data!H81="",NA(),Raw_data!H81) -> Sophia Miller | ... K75: =IF(Raw_data!K81="",NA(),Raw_data!K81) -> Pending | L75: =COUNTIFS(A:A,A75,B:B,B75,C:C,C75,D:D,D75,E:E,E75,F:F,F75,G:G,G75,H:H,H75,I:I,I75,J:J,J75,K:K,K75) -> 1 | M75: =TEXT(B75,"dd-mm-yy") -> 23-02-25 | N75: =LEFT(Table2[[#This Row],[Date_text]],2) -> 23 | O75: =MID(Table2[[#This Row],[Date_text]],4,2) -> 02 | P75: =RIGHT(Table2[[#This Row],[Date_text]],2) -> 25
A76: =IF(Raw_data!A82="",NA(),Raw_data!A82) -> ORD0081 | B76: =IF(Raw_data!B82="",NA(),Raw_data!B82) -> 26-02-25 | C76: =IF(Raw_data!C82="",NA(),Raw_data!C82) -> Headphones | D76: =IF(Raw_data!D82="",NA(),Raw_data!D82) -> Electronics | E76: =IF(Raw_data!E82="",NA(),Raw_data!E82) -> 100 | F76: =IF(Raw_data!F82="",NA(),Raw_data!F82) -> 3 | G76: =IF(Raw_data!G82="",NA(),Raw_data!G82) -> 300 | H76: =IF(Raw_data!H82="",NA(),Raw_data!H82) -> Michael Brown | ... K76: =IF(Raw_data!K82="",NA(),Raw_data!K82) -> Cancelled | L76: =COUNTIFS(A:A,A76,B:B,B76,C:C,C76,D:D,D76,E:E,E76,F:F,F76,G:G,G76,H:H,H76,I:I,I76,J:J,J76,K:K,K76) -> 1 | M76: =TEXT(B76,"dd-mm-yy") -> 26-02-25 | N76: =LEFT(Table2[[#This Row],[Date_text]],2) -> 26 | O76: =MID(Table2[[#This Row],[Date_text]],4,2) -> 02 | P76: =RIGHT(Table2[[#This Row],[Date_text]],2) -> 25
A77: =IF(Raw_data!A83="",NA(),Raw_data!A83) -> ORD0082 | B77: =IF(Raw_data!B83="",NA(),Raw_data!B83) -> 24-02-25 | C77: =IF(Raw_data!C83="",NA(),Raw_data!C83) -> Smartphone | D77: =IF(Raw_data!D83="",NA(),Raw_data!D83) -> Electronics | E77: =IF(Raw_data!E83="",NA(),Raw_data!E83) -> 500 | F77: =IF(Raw_data!F83="",NA(),Raw_data!F83) -> 3 | G77: =IF(Raw_data!G83="",NA(),Raw_data!G83) -> 1500 | H77: =IF(Raw_data!H83="",NA(),Raw_data!H83) -> Jane Smith | ... K77: =IF(Raw_data!K83="",NA(),Raw_data!K83) -> Cancelled | L77: =COUNTIFS(A:A,A77,B:B,B77,C:C,C77,D:D,D77,E:E,E77,F:F,F77,G:G,G77,H:H,H77,I:I,I77,J:J,J77,K:K,K77) -> 1 | M77: =TEXT(B77,"dd-mm-yy") -> 24-02-25 | N77: =LEFT(Table2[[#This Row],[Date_text]],2) -> 24 | O77: =MID(Table2[[#This Row],[Date_text]],4,2) -> 02 | P77: =RIGHT(Table2[[#This Row],[Date_text]],2) -> 25
A78: =IF(Raw_data!A84="",NA(),Raw_data!A84) -> ORD0083 | B78: =IF(Raw_data!B84="",NA(),Raw_data!B84) -> 28-02-25 | C78: =IF(Raw_data!C84="",NA(),Raw_data!C84) -> Washing Machine | D78: =IF(Raw_data!D84="",NA(),Raw_data!D84) -> Home Appliances | E78: =IF(Raw_data!E84="",NA(),Raw_data!E84) -> 600 | F78: =IF(Raw_data!F84="",NA(),Raw_data!F84) -> 4 | G78: =IF(Raw_data!G84="",NA(),Raw_data!G84) -> 2400 | H78: =IF(Raw_data!H84="",NA(),Raw_data!H84) -> Emma Clark | ... K78: =IF(Raw_data!K84="",NA(),Raw_data!K84) -> Cancelled | L78: =COUNTIFS(A:A,A78,B:B,B78,C:C,C78,D:D,D78,E:E,E78,F:F,F78,G:G,G78,H:H,H78,I:I,I78,J:J,J78,K:K,K78) -> 1 | M78: =TEXT(B78,"dd-mm-yy") -> 28-02-25 | N78: =LEFT(Table2[[#This Row],[Date_text]],2) -> 28 | O78: =MID(Table2[[#This Row],[Date_text]],4,2) -> 02 | P78: =RIGHT(Table2[[#This Row],[Date_text]],2) -> 25
A79: =IF(Raw_data!A85="",NA(),Raw_data!A85) -> ORD0084 | B79: =IF(Raw_data!B85="",NA(),Raw_data!B85) -> 14-02-25 | C79: =IF(Raw_data!C85="",NA(),Raw_data!C85) -> T-Shirt | D79: =IF(Raw_data!D85="",NA(),Raw_data!D85) -> Clothing | E79: =IF(Raw_data!E85="",NA(),Raw_data!E85) -> 20 | F79: =IF(Raw_data!F85="",NA(),Raw_data!F85) -> 5 | G79: =IF(Raw_data!G85="",NA(),Raw_data!G85) -> 100 | H79: =IF(Raw_data!H85="",NA(),Raw_data!H85) -> Olivia Wilson | ... K79: =IF(Raw_data!K85="",NA(),Raw_data!K85) -> Completed | L79: =COUNTIFS(A:A,A79,B:B,B79,C:C,C79,D:D,D79,E:E,E79,F:F,F79,G:G,G79,H:H,H79,I:I,I79,J:J,J79,K:K,K79) -> 1 | M79: =TEXT(B79,"dd-mm-yy") -> 14-02-25 | N79: =LEFT(Table2[[#This Row],[Date_text]],2) -> 14 | O79: =MID(Table2[[#This Row],[Date_text]],4,2) -> 02 | P79: =RIGHT(Table2[[#This Row],[Date_text]],2) -> 25
A80: =IF(Raw_data!A87="",NA(),Raw_data!A87) -> ORD0086 | B80: =IF(Raw_data!B87="",NA(),Raw_data!B87) -> 25-02-25 | C80: =IF(Raw_data!C87="",NA(),Raw_data!C87) -> Smartwatch | D80: =IF(Raw_data!D87="",NA(),Raw_data!D87) -> Electronics | E80: =IF(Raw_data!E87="",NA(),Raw_data!E87) -> 150 | F80: =IF(Raw_data!F87="",NA(),Raw_data!F87) -> 5 | G80: =IF(Raw_data!G87="",NA(),Raw_data!G87) -> 750 | H80: =IF(Raw_data!H87="",NA(),Raw_data!H87) -> Jane Smith | ... K80: =IF(Raw_data!K87="",NA(),Raw_data!K87) -> Cancelled | L80: =COUNTIFS(A:A,A80,B:B,B80,C:C,C80,D:D,D80,E:E,E80,F:F,F80,G:G,G80,H:H,H80,I:I,I80,J:J,J80,K:K,K80) -> 1 | M80: =TEXT(B80,"dd-mm-yy") -> 25-02-25 | N80: =LEFT(Table2[[#This Row],[Date_text]],2) -> 25 | O80: =MID(Table2[[#This Row],[Date_text]],4,2) -> 02 | P80: =RIGHT(Table2[[#This Row],[Date_text]],2) -> 25
A81: =IF(Raw_data!A89="",NA(),Raw_data!A89) -> ORD0088 | B81: =IF(Raw_data!B89="",NA(),Raw_data!B89) -> 45810 | C81: =IF(Raw_data!C89="",NA(),Raw_data!C89) -> Refrigerator | D81: =IF(Raw_data!D89="",NA(),Raw_data!D89) -> Home Appliances | E81: =IF(Raw_data!E89="",NA(),Raw_data!E89) -> 1200 | F81: =IF(Raw_data!F89="",NA(),Raw_data!F89) -> 2 | G81: =IF(Raw_data!G89="",NA(),Raw_data!G89) -> 2400 | H81: =IF(Raw_data!H89="",NA(),Raw_data!H89) -> Chris White | ... K81: =IF(Raw_data!K89="",NA(),Raw_data!K89) -> Pending | L81: =COUNTIFS(A:A,A81,B:B,B81,C:C,C81,D:D,D81,E:E,E81,F:F,F81,G:G,G81,H:H,H81,I:I,I81,J:J,J81,K:K,K81) -> 1 | M81: =TEXT(B81,"dd-mm-yy") -> 02-06-25 | N81: =LEFT(Table2[[#This Row],[Date_text]],2) -> 02 | O81: =MID(Table2[[#This Row],[Date_text]],4,2) -> 06 | P81: =RIGHT(Table2[[#This Row],[Date_text]],2) -> 25
A82: =IF(Raw_data!A90="",NA(),Raw_data!A90) -> ORD0089 | B82: =IF(Raw_data!B90="",NA(),Raw_data!B90) -> 26-03-25 | C82: =IF(Raw_data!C90="",NA(),Raw_data!C90) -> Running Shoes | D82: =IF(Raw_data!D90="",NA(),Raw_data!D90) -> Footwear | E82: =IF(Raw_data!E90="",NA(),Raw_data!E90) -> 60 | F82: =IF(Raw_data!F90="",NA(),Raw_data!F90) -> 5 | G82: =IF(Raw_data!G90="",NA(),Raw_data!G90) -> 300 | H82: =IF(Raw_data!H90="",NA(),Raw_data!H90) -> Emma Clark | ... K82: =IF(Raw_data!K90="",NA(),Raw_data!K90) -> Cancelled | L82: =COUNTIFS(A:A,A82,B:B,B82,C:C,C82,D:D,D82,E:E,E82,F:F,F82,G:G,G82,H:H,H82,I:I,I82,J:J,J82,K:K,K82) -> 1 | M82: =TEXT(B82,"dd-mm-yy") -> 26-03-25 | N82: =LEFT(Table2[[#This Row],[Date_text]],2) -> 26 | O82: =MID(Table2[[#This Row],[Date_text]],4,2) -> 03 | P82: =RIGHT(Table2[[#This Row],[Date_text]],2) -> 25
A83: =IF(Raw_data!A91="",NA(),Raw_data!A91) -> ORD0090 | B83: =IF(Raw_data!B91="",NA(),Raw_data!B91) -> 24-03-25 | C83: =IF(Raw_data!C91="",NA(),Raw_data!C91) -> Smartwatch | D83: =IF(Raw_data!D91="",NA(),Raw_data!D91) -> Electronics | E83: =IF(Raw_data!E91="",NA(),Raw_data!E91) -> 150 | F83: =IF(Raw_data!F91="",NA(),Raw_data!F91) -> 5 | G83: =IF(Raw_data!G91="",NA(),Raw_data!G91) -> 750 | H83: =IF(Raw_data!H91="",NA(),Raw_data!H91) -> Emily Johnson | ... K83: =IF(Raw_data!K91="",NA(),Raw_data!K91) -> Completed | L83: =COUNTIFS(A:A,A83,B:B,B83,C:C,C83,D:D,D83,E:E,E83,F:F,F83,G:G,G83,H:H,H83,I:I,I83,J:J,J83,K:K,K83) -> 1 | M83: =TEXT(B83,"dd-mm-yy") -> 24-03-25 | N83: =LEFT(Table2[[#This Row],[Date_text]],2) -> 24 | O83: =MID(Table2[[#This Row],[Date_text]],4,2) -> 03 | P83: =RIGHT(Table2[[#This Row],[Date_text]],2) -> 25
A84: =IF(Raw_data!A92="",NA(),Raw_data!A92) -> ORD0091 | B84: =IF(Raw_data!B92="",NA(),Raw_data!B92) -> 45718 | C84: =IF(Raw_data!C92="",NA(),Raw_data!C92) -> Laptop | D84: Electronics | E84: 150 | F84: =IF(Raw_data!F92="",NA(),Raw_data!F92) -> 4 | G84: =IF(Raw_data!G92="",NA(),Raw_data!G92) -> 3200 | H84: =IF(Raw_data!H92="",NA(),Raw_data!H92) -> Daniel Harris | I84: =IF(Raw_data!I92="",NA(),Raw_data!I92) -> Houston | J84: =IF(Raw_data!J92="",NA(),Raw_data!J92) -> Gift Card | K84: =IF(Raw_data!K92="",NA(),Raw_data!K92) -> Pending | L84: =COUNTIFS(A:A,A84,B:B,B84,C:C,C84,D:D,D84,E:E,E84,F:F,F84,G:G,G84,H:H,H84,I:I,I84,J:J,J84,K:K,K84) -> 1 | M84: =TEXT(B84,"dd-mm-yy") -> 02-03-25 | N84: =LEFT(Table2[[#This Row],[Date_text]],2) -> 02 | O84: =MID(Table2[[#This Row],[Date_text]],4,2) -> 03 | P84: =RIGHT(Table2[[#This Row],[Date_text]],2) -> 25
A85: =IF(Raw_data!A93="",NA(),Raw_data!A93) -> ORD0092 | B85: =IF(Raw_data!B93="",NA(),Raw_data!B93) -> 15-03-25 | C85: =IF(Raw_data!C93="",NA(),Raw_data!C93) -> Smartphone | D85: =IF(Raw_data!D93="",NA(),Raw_data!D93) -> Electronics | E85: =IF(Raw_data!E93="",NA(),Raw_data!E93) -> 500 | F85: =IF(Raw_data!F93="",NA(),Raw_data!F93) -> 2 | G85: =IF(Raw_data!G93="",NA(),Raw_data!G93) -> 1000 | H85: =IF(Raw_data!H93="",NA(),Raw_data!H93) -> Olivia Wilson | ... K85: =IF(Raw_data!K93="",NA(),Raw_data!K93) -> Cancelled | L85: =COUNTIFS(A:A,A85,B:B,B85,C:C,C85,D:D,D85,E:E,E85,F:F,F85,G:G,G85,H:H,H85,I:I,I85,J:J,J85,K:K,K85) -> 1 | M85: =TEXT(B85,"dd-mm-yy") -> 15-03-25 | N85: =LEFT(Table2[[#This Row],[Date_text]],2) -> 15 | O85: =MID(Table2[[#This Row],[Date_text]],4,2) -> 03 | P85: =RIGHT(Table2[[#This Row],[Date_text]],2) -> 25
A86: =IF(Raw_data!A94="",NA(),Raw_data!A94) -> ORD0093 | B86: =IF(Raw_data!B94="",NA(),Raw_data!B94) -> 45811 | C86: =IF(Raw_data!C94="",NA(),Raw_data!C94) -> Refrigerator | D86: =IF(Raw_data!D94="",NA(),Raw_data!D94) -> Home Appliances | E86: =IF(Raw_data!E94="",NA(),Raw_data!E94) -> 1200 | F86: =IF(Raw_data!F94="",NA(),Raw_data!F94) -> 5 | G86: =IF(Raw_data!G94="",NA(),Raw_data!G94) -> 6000 | H86: =IF(Raw_data!H94="",NA(),Raw_data!H94) -> David Lee | ... K86: =IF(Raw_data!K94="",NA(),Raw_data!K94) -> Cancelled | L86: =COUNTIFS(A:A,A86,B:B,B86,C:C,C86,D:D,D86,E:E,E86,F:F,F86,G:G,G86,H:H,H86,I:I,I86,J:J,J86,K:K,K86) -> 1 | M86: =TEXT(B86,"dd-mm-yy") -> 03-06-25 | N86: =LEFT(Table2[[#This Row],[Date_text]],2) -> 03 | O86: =MID(Table2[[#This Row],[Date_text]],4,2) -> 06 | P86: =RIGHT(Table2[[#This Row],[Date_text]],2) -> 25
A87: =IF(Raw_data!A95="",NA(),Raw_data!A95) -> ORD0094 | B87: =IF(Raw_data!B95="",NA(),Raw_data!B95) -> 25-03-25 | C87: =IF(Raw_data!C95="",NA(),Raw_data!C95) -> Jeans | D87: =IF(Raw_data!D95="",NA(),Raw_data!D95) -> Clothing | E87: =IF(Raw_data!E95="",NA(),Raw_data!E95) -> 40 | F87: =IF(Raw_data!F95="",NA(),Raw_data!F95) -> 5 | G87: =IF(Raw_data!G95="",NA(),Raw_data!G95) -> 200 | H87: =IF(Raw_data!H95="",NA(),Raw_data!H95) -> Daniel Harris | ... K87: =IF(Raw_data!K95="",NA(),Raw_data!K95) -> Cancelled | L87: =COUNTIFS(A:A,A87,B:B,B87,C:C,C87,D:D,D87,E:E,E87,F:F,F87,G:G,G87,H:H,H87,I:I,I87,J:J,J87,K:K,K87) -> 1 | M87: =TEXT(B87,"dd-mm-yy") -> 25-03-25 | N87: =LEFT(Table2[[#This Row],[Date_text]],2) -> 25 | O87: =MID(Table2[[#This Row],[Date_text]],4,2) -> 03 | P87: =RIGHT(Table2[[#This Row],[Date_text]],2) -> 25
A88: =IF(Raw_data!A96="",NA(),Raw_data!A96) -> ORD0095 | B88: =IF(Raw_data!B96="",NA(),Raw_data!B96) -> 17-02-25 | C88: =IF(Raw_data!C96="",NA(),Raw_data!C96) -> Smartwatch | D88: =IF(Raw_data!D96="",NA(),Raw_data!D96) -> Electronics | E88: =IF(Raw_data!E96="",NA(),Raw_data!E96) -> 150 | F88: =IF(Raw_data!F96="",NA(),Raw_data!F96) -> 4 | G88: =IF(Raw_data!G96="",NA(),Raw_data!G96) -> 600 | H88: =IF(Raw_data!H96="",NA(),Raw_data!H96) -> Chris White | ... K88: =IF(Raw_data!K96="",NA(),Raw_data!K96) -> Cancelled | L88: =COUNTIFS(A:A,A88,B:B,B88,C:C,C88,D:D,D88,E:E,E88,F:F,F88,G:G,G88,H:H,H88,I:I,I88,J:J,J88,K:K,K88) -> 1 | M88: =TEXT(B88,"dd-mm-yy") -> 17-02-25 | N88: =LEFT(Table2[[#This Row],[Date_text]],2) -> 17 | O88: =MID(Table2[[#This Row],[Date_text]],4,2) -> 02 | P88: =RIGHT(Table2[[#This Row],[Date_text]],2) -> 25
A89: =IF(Raw_data!A97="",NA(),Raw_data!A97) -> ORD0096 | B89: =IF(Raw_data!B97="",NA(),Raw_data!B97) -> 30-03-25 | C89: =IF(Raw_data!C97="",NA(),Raw_data!C97) -> Smartwatch | D89: =IF(Raw_data!D97="",NA(),Raw_data!D97) -> Electronics | E89: =IF(Raw_data!E97="",NA(),Raw_data!E97) -> 150 | F89: =IF(Raw_data!F97="",NA(),Raw_data!F97) -> 3 | G89: =IF(Raw_data!G97="",NA(),Raw_data!G97) -> 450 | H89: =IF(Raw_data!H97="",NA(),Raw_data!H97) -> Jane Smith | ... K89: =IF(Raw_data!K97="",NA(),Raw_data!K97) -> Completed | L89: =COUNTIFS(A:A,A89,B:B,B89,C:C,C89,D:D,D89,E:E,E89,F:F,F89,G:G,G89,H:H,H89,I:I,I89,J:J,J89,K:K,K89) -> 1 | M89: =TEXT(B89,"dd-mm-yy") -> 30-03-25 | N89: =LEFT(Table2[[#This Row],[Date_text]],2) -> 30 | O89: =MID(Table2[[#This Row],[Date_text]],4,2) -> 03 | P89: =RIGHT(Table2[[#This Row],[Date_text]],2) -> 25
A90: =IF(Raw_data!A99="",NA(),Raw_data!A99) -> ORD0098 | B90: =IF(Raw_data!B99="",NA(),Raw_data!B99) -> 14-02-25 | C90: =IF(Raw_data!C99="",NA(),Raw_data!C99) -> Smartwatch | D90: =IF(Raw_data!D99="",NA(),Raw_data!D99) -> Electronics | E90: =IF(Raw_data!E99="",NA(),Raw_data!E99) -> 150 | F90: =IF(Raw_data!F99="",NA(),Raw_data!F99) -> 2 | G90: =IF(Raw_data!G99="",NA(),Raw_data!G99) -> 300 | H90: =IF(Raw_data!H99="",NA(),Raw_data!H99) -> Chris White | ... K90: =IF(Raw_data!K99="",NA(),Raw_data!K99) -> Pending | L90: =COUNTIFS(A:A,A90,B:B,B90,C:C,C90,D:D,D90,E:E,E90,F:F,F90,G:G,G90,H:H,H90,I:I,I90,J:J,J90,K:K,K90) -> 1 | M90: =TEXT(B90,"dd-mm-yy") -> 14-02-25 | N90: =LEFT(Table2[[#This Row],[Date_text]],2) -> 14 | O90: =MID(Table2[[#This Row],[Date_text]],4,2) -> 02 | P90: =RIGHT(Table2[[#This Row],[Date_text]],2) -> 25
A91: =IF(Raw_data!A100="",NA(),Raw_data!A100) -> ORD0099 | B91: =IF(Raw_data!B100="",NA(),Raw_data!B100) -> 18-02-25 | C91: =IF(Raw_data!C100="",NA(),Raw_data!C100) -> Washing Machine | D91: =IF(Raw_data!D100="",NA(),Raw_data!D100) -> Home Appliances | E91: =IF(Raw_data!E100="",NA(),Raw_data!E100) -> 600 | F91: =IF(Raw_data!F100="",NA(),Raw_data!F100) -> 5 | G91: =IF(Raw_data!G100="",NA(),Raw_data!G100) -> 3000 | H91: =IF(Raw_data!H100="",NA(),Raw_data!H100) -> Michael Brown | ... K91: =IF(Raw_data!K100="",NA(),Raw_data!K100) -> Completed | L91: =COUNTIFS(A:A,A91,B:B,B91,C:C,C91,D:D,D91,E:E,E91,F:F,F91,G:G,G91,H:H,H91,I:I,I91,J:J,J91,K:K,K91) -> 1 | M91: =TEXT(B91,"dd-mm-yy") -> 18-02-25 | N91: =LEFT(Table2[[#This Row],[Date_text]],2) -> 18 | O91: =MID(Table2[[#This Row],[Date_text]],4,2) -> 02 | P91: =RIGHT(Table2[[#This Row],[Date_text]],2) -> 25
A92: =IF(Raw_data!A101="",NA(),Raw_data!A101) -> ORD0100 | B92: =IF(Raw_data!B101="",NA(),Raw_data!B101) -> 13-02-25 | C92: =IF(Raw_data!C101="",NA(),Raw_data!C101) -> Running Shoes | D92: =IF(Raw_data!D101="",NA(),Raw_data!D101) -> Footwear | E92: =IF(Raw_data!E101="",NA(),Raw_data!E101) -> 60 | F92: =IF(Raw_data!F101="",NA(),Raw_data!F101) -> 1 | G92: =IF(Raw_data!G101="",NA(),Raw_data!G101) -> 60 | H92: =IF(Raw_data!H101="",NA(),Raw_data!H101) -> Jane Smith | ... K92: =IF(Raw_data!K101="",NA(),Raw_data!K101) -> Cancelled | L92: =COUNTIFS(A:A,A92,B:B,B92,C:C,C92,D:D,D92,E:E,E92,F:F,F92,G:G,G92,H:H,H92,I:I,I92,J:J,J92,K:K,K92) -> 1 | M92: =TEXT(B92,"dd-mm-yy") -> 13-02-25 | N92: =LEFT(Table2[[#This Row],[Date_text]],2) -> 13 | O92: =MID(Table2[[#This Row],[Date_text]],4,2) -> 02 | P92: =RIGHT(Table2[[#This Row],[Date_text]],2) -> 25
A93: =IF(Raw_data!A102="",NA(),Raw_data!A102) -> ORD0101 | B93: =IF(Raw_data!B102="",NA(),Raw_data!B102) -> 20-02-25 | C93: =IF(Raw_data!C102="",NA(),Raw_data!C102) -> Book | D93: =IF(Raw_data!D102="",NA(),Raw_data!D102) -> Books | E93: =IF(Raw_data!E102="",NA(),Raw_data!E102) -> 15 | F93: =IF(Raw_data!F102="",NA(),Raw_data!F102) -> 5 | G93: =IF(Raw_data!G102="",NA(),Raw_data!G102) -> 75 | H93: =IF(Raw_data!H102="",NA(),Raw_data!H102) -> John Doe | ... K93: =IF(Raw_data!K102="",NA(),Raw_data!K102) -> Pending | L93: =COUNTIFS(A:A,A93,B:B,B93,C:C,C93,D:D,D93,E:E,E93,F:F,F93,G:G,G93,H:H,H93,I:I,I93,J:J,J93,K:K,K93) -> 1 | M93: =TEXT(B93,"dd-mm-yy") -> 20-02-25 | N93: =LEFT(Table2[[#This Row],[Date_text]],2) -> 20 | O93: =MID(Table2[[#This Row],[Date_text]],4,2) -> 02 | P93: =RIGHT(Table2[[#This Row],[Date_text]],2) -> 25
A94: =IF(Raw_data!A104="",NA(),Raw_data!A104) -> ORD0103 | B94: =IF(Raw_data!B104="",NA(),Raw_data!B104) -> 14-03-25 | C94: =IF(Raw_data!C104="",NA(),Raw_data!C104) -> T-Shirt | D94: =IF(Raw_data!D104="",NA(),Raw_data!D104) -> Clothing | E94: =IF(Raw_data!E104="",NA(),Raw_data!E104) -> 20 | F94: =IF(Raw_data!F104="",NA(),Raw_data!F104) -> 2 | G94: =IF(Raw_data!G104="",NA(),Raw_data!G104) -> 40 | H94: =IF(Raw_data!H104="",NA(),Raw_data!H104) -> Michael Brown | ... K94: =IF(Raw_data!K104="",NA(),Raw_data!K104) -> Pending | L94: =COUNTIFS(A:A,A94,B:B,B94,C:C,C94,D:D,D94,E:E,E94,F:F,F94,G:G,G94,H:H,H94,I:I,I94,J:J,J94,K:K,K94) -> 1 | M94: =TEXT(B94,"dd-mm-yy") -> 14-03-25 | N94: =LEFT(Table2[[#This Row],[Date_text]],2) -> 14 | O94: =MID(Table2[[#This Row],[Date_text]],4,2) -> 03 | P94: =RIGHT(Table2[[#This Row],[Date_text]],2) -> 25
A95: =IF(Raw_data!A105="",NA(),Raw_data!A105) -> ORD0104 | B95: =IF(Raw_data!B105="",NA(),Raw_data!B105) -> 22-02-25 | C95: =IF(Raw_data!C105="",NA(),Raw_data!C105) -> Jeans | D95: =IF(Raw_data!D105="",NA(),Raw_data!D105) -> Clothing | E95: =IF(Raw_data!E105="",NA(),Raw_data!E105) -> 40 | F95: =IF(Raw_data!F105="",NA(),Raw_data!F105) -> 5 | G95: =IF(Raw_data!G105="",NA(),Raw_data!G105) -> 200 | H95: =IF(Raw_data!H105="",NA(),Raw_data!H105) -> Jane Smith | ... K95: =IF(Raw_data!K105="",NA(),Raw_data!K105) -> Pending | L95: =COUNTIFS(A:A,A95,B:B,B95,C:C,C95,D:D,D95,E:E,E95,F:F,F95,G:G,G95,H:H,H95,I:I,I95,J:J,J95,K:K,K95) -> 1 | M95: =TEXT(B95,"dd-mm-yy") -> 22-02-25 | N95: =LEFT(Table2[[#This Row],[Date_text]],2) -> 22 | O95: =MID(Table2[[#This Row],[Date_text]],4,2) -> 02 | P95: =RIGHT(Table2[[#This Row],[Date_text]],2) -> 25
A96: =IF(Raw_data!A106="",NA(),Raw_data!A106) -> ORD0105 | B96: =IF(Raw_data!B106="",NA(),Raw_data!B106) -> 16-03-25 | C96: =IF(Raw_data!C106="",NA(),Raw_data!C106) -> Jeans | D96: =IF(Raw_data!D106="",NA(),Raw_data!D106) -> Clothing | E96: =IF(Raw_data!E106="",NA(),Raw_data!E106) -> 40 | F96: =IF(Raw_data!F106="",NA(),Raw_data!F106) -> 1 | G96: =IF(Raw_data!G106="",NA(),Raw_data!G106) -> 40 | H96: =IF(Raw_data!H106="",NA(),Raw_data!H106) -> Jane Smith | ... K96: =IF(Raw_data!K106="",NA(),Raw_data!K106) -> Pending | L96: =COUNTIFS(A:A,A96,B:B,B96,C:C,C96,D:D,D96,E:E,E96,F:F,F96,G:G,G96,H:H,H96,I:I,I96,J:J,J96,K:K,K96) -> 1 | M96: =TEXT(B96,"dd-mm-yy") -> 16-03-25 | N96: =LEFT(Table2[[#This Row],[Date_text]],2) -> 16 | O96: =MID(Table2[[#This Row],[Date_text]],4,2) -> 03 | P96: =RIGHT(Table2[[#This Row],[Date_text]],2) -> 25
A97: =IF(Raw_data!A107="",NA(),Raw_data!A107) -> ORD0106 | B97: =IF(Raw_data!B107="",NA(),Raw_data!B107) -> 15-03-25 | C97: =IF(Raw_data!C107="",NA(),Raw_data!C107) -> T-Shirt | D97: =IF(Raw_data!D107="",NA(),Raw_data!D107) -> Clothing | E97: 150 | F97: =IF(Raw_data!F107="",NA(),Raw_data!F107) -> 3 | G97: =IF(Raw_data!G107="",NA(),Raw_data!G107) -> 60 | H97: =IF(Raw_data!H107="",NA(),Raw_data!H107) -> Olivia Wilson | I97: =IF(Raw_data!I107="",NA(),Raw_data!I107) -> Chicago | J97: =IF(Raw_data!J107="",NA(),Raw_data!J107) -> PayPal | K97: =IF(Raw_data!K107="",NA(),Raw_data!K107) -> Pending | L97: =COUNTIFS(A:A,A97,B:B,B97,C:C,C97,D:D,D97,E:E,E97,F:F,F97,G:G,G97,H:H,H97,I:I,I97,J:J,J97,K:K,K97) -> 1 | M97: =TEXT(B97,"dd-mm-yy") -> 15-03-25 | N97: =LEFT(Table2[[#This Row],[Date_text]],2) -> 15 | O97: =MID(Table2[[#This Row],[Date_text]],4,2) -> 03 | P97: =RIGHT(Table2[[#This Row],[Date_text]],2) -> 25
A98: =IF(Raw_data!A108="",NA(),Raw_data!A108) -> ORD0107 | B98: =IF(Raw_data!B108="",NA(),Raw_data!B108) -> 19-03-25 | C98: =IF(Raw_data!C108="",NA(),Raw_data!C108) -> Jeans | D98: =IF(Raw_data!D108="",NA(),Raw_data!D108) -> Clothing | E98: =IF(Raw_data!E108="",NA(),Raw_data!E108) -> 40 | F98: =IF(Raw_data!F108="",NA(),Raw_data!F108) -> 3 | G98: =IF(Raw_data!G108="",NA(),Raw_data!G108) -> 120 | H98: =IF(Raw_data!H108="",NA(),Raw_data!H108) -> Olivia Wilson | ... K98: =IF(Raw_data!K108="",NA(),Raw_data!K108) -> Cancelled | L98: =COUNTIFS(A:A,A98,B:B,B98,C:C,C98,D:D,D98,E:E,E98,F:F,F98,G:G,G98,H:H,H98,I:I,I98,J:J,J98,K:K,K98) -> 1 | M98: =TEXT(B98,"dd-mm-yy") -> 19-03-25 | N98: =LEFT(Table2[[#This Row],[Date_text]],2) -> 19 | O98: =MID(Table2[[#This Row],[Date_text]],4,2) -> 03 | P98: =RIGHT(Table2[[#This Row],[Date_text]],2) -> 25
A99: =IF(Raw_data!A109="",NA(),Raw_data!A109) -> ORD0108 | B99: =IF(Raw_data!B109="",NA(),Raw_data!B109) -> 16-03-25 | C99: =IF(Raw_data!C109="",NA(),Raw_data!C109) -> Headphones | D99: =IF(Raw_data!D109="",NA(),Raw_data!D109) -> Electronics | E99: =IF(Raw_data!E109="",NA(),Raw_data!E109) -> 100 | F99: =IF(Raw_data!F109="",NA(),Raw_data!F109) -> 2 | G99: =IF(Raw_data!G109="",NA(),Raw_data!G109) -> 200 | H99: =IF(Raw_data!H109="",NA(),Raw_data!H109) -> Daniel Harris | ... K99: =IF(Raw_data!K109="",NA(),Raw_data!K109) -> Pending | L99: =COUNTIFS(A:A,A99,B:B,B99,C:C,C99,D:D,D99,E:E,E99,F:F,F99,G:G,G99,H:H,H99,I:I,I99,J:J,J99,K:K,K99) -> 1 | M99: =TEXT(B99,"dd-mm-yy") -> 16-03-25 | N99: =LEFT(Table2[[#This Row],[Date_text]],2) -> 16 | O99: =MID(Table2[[#This Row],[Date_text]],4,2) -> 03 | P99: =RIGHT(Table2[[#This Row],[Date_text]],2) -> 25
A100: =IF(Raw_data!A110="",NA(),Raw_data!A110) -> ORD0109 | B100: =IF(Raw_data!B110="",NA(),Raw_data!B110) -> 17-03-25 | C100: =IF(Raw_data!C110="",NA(),Raw_data!C110) -> Jeans | D100: Electronics | E100: =IF(Raw_data!E110="",NA(),Raw_data!E110) -> 40 | F100: =IF(Raw_data!F110="",NA(),Raw_data!F110) -> 5 | G100: =IF(Raw_data!G110="",NA(),Raw_data!G110) -> 200 | H100: =IF(Raw_data!H110="",NA(),Raw_data!H110) -> Michael Brown | I100: =IF(Raw_data!I110="",NA(),Raw_data!I110) -> New York | J100: =IF(Raw_data!J110="",NA(),Raw_data!J110) -> PayPal | K100: =IF(Raw_data!K110="",NA(),Raw_data!K110) -> Completed | L100: =COUNTIFS(A:A,A100,B:B,B100,C:C,C100,D:D,D100,E:E,E100,F:F,F100,G:G,G100,H:H,H100,I:I,I100,J:J,J100,K:K,K100) -> 1 | M100: =TEXT(B100,"dd-mm-yy") -> 17-03-25 | N100: =LEFT(Table2[[#This Row],[Date_text]],2) -> 17 | O100: =MID(Table2[[#This Row],[Date_text]],4,2) -> 03 | P100: =RIGHT(Table2[[#This Row],[Date_text]],2) -> 25
...

Sheet Data_analysis
A3: Category | B3: Total_Sales | D3: Category | E3: Quantity_ | G3: Price | H3: Distribution | J3: Status | K3: Total Status | M3: Category | N3: Total_Sales | O3: Quantity_ | Q3: KPIS | R3: Column1
A4: Electronics | B4: 124115 | D4: Electronics | E4: 332 | G4: 15-34 | H4: 37 | J4: Can | K4: 64 | M4: Books | N4: 900 | O4: 60 | Q4: GMV | R4: =SUM(Cleanning_data!G2:G220) -> 212815
A5: Home Appliances | B5: 81600 | D5: Clothing | E5: 90 | G5: 35-54 | H5: 15 | J5: Com | K5: 78 | M5: Book | N5: 900 | O5: 60 | Q5: Total order | R5: =SUM(Cleanning_data!F2:F220) -> 629
A6: Footwear | B6: 3540 | D6: Home Appliances | E6: 88 | G6: 55-74 | H6: 24 | J6: pen | K6: 76 | M6: Clothing | N6: 2660 | O6: 90 | Q6: AOV | R6: =ROUND(R4/R5,2) -> 338.34
A7: Clothing | B7: 2660 | D7: Books | E7: 60 | G7: 95-114 | H7: 21 | J7: Grand Total | K7: 218 | M7: Jeans | N7: 1680 | O7: 42
A8: Books | B8: 900 | D8: Footwear | E8: 59 | G8: 135-154 | H8: 45 | M8: T-Shirt | N8: 980 | O8: 48
A9: Grand Total | B9: 212815 | D9: Grand Total | E9: 629 | G9: 495-514 | H9: 24 | J9: Payment Method | K9: Total Payment Method | M9: Electronics | N9: 124115 | O9: 332
G10: 595-614 | H10: 14 | J10: Amazon Pay | K10: 34 | M10: Book | N10: 45 | O10: 3
A11: Product | B11: Total_sales | D11: Product | E11: Quantity_ | G11: 795-814 | H11: 21 | J11: Credit Card | K11: 49 | M11: Headphones | N11: 6000 | O11: 62
A12: Refrigerator | B12: 64800 | D12: Smartwatch | E12: 99 | G12: 1195-1214 | H12: 17 | J12: Debit Card | K12: 47 | M12: Jeans | N12: 280 | O12: 7
A13: Laptop | B13: 56000 | D13: Smartphone | E13: 78 | G13: Grand Total | H13: 218 | J13: Gift Card | K13: 36 | M13: Laptop | N13: 56000 | O13: 71
A14: Smartphone | B14: 39000 | D14: Laptop | E14: 71 | J14: PayPal | K14: 52 | M14: Refrigerator | N14: 7200 | O14: 6
A15: Washing Machine | B15: 24600 | D15: Book | E15: 63 | G15: Quantity | H15: Distribution | J15: Grand Total | K15: 218 | M15: Running Shoes | N15: 120 | O15: 2
A16: Smartwatch | B16: 14850 | D16: Headphones | E16: 62 | G16: 1-1 | H16: 46 | M16: Smartphone | N16: 39000 | O16: 78
A17: Headphones | B17: 6000 | D17: Running Shoes | E17: 61 | G17: 2-2 | H17: 43 | M17: Smartwatch | N17: 14850 | O17: 99
A18: Running Shoes | B18: 3660 | D18: Refrigerator | E18: 56 | G18: 3-3 | H18: 59 | M18: T-Shirt | N18: 20 | O18: 3
A19: Jeans | B19: 1960 | D19: T-Shirt | E19: 51 | G19: 4-5 | H19: 70 | M19: Washing Machine | N19: 600 | O19: 1
A20: T-Shirt | B20: 1000 | D20: Jeans | E20: 49 | G20: Grand Total | H20: 218 | M20: Footwear | N20: 3540 | O20: 59
A21: Book | B21: 945 | D21: Washing Machine | E21: 39 | M21: Running Shoes | N21: 3540 | O21: 59
A22: Grand Total | B22: 212815 | D22: Grand Total | E22: 629 | G22: Total Sales | H22: Distribution | M22: Home Appliances | N22: 81600 | O22: 88
G23: 15-114 | H23: 56 | M23: Refrigerator | N23: 57600 | O23: 50
A24: Location | B24: Total_sales | D24: Location | E24: Quantity_ | G24: 115-214 | H24: 30 | M24: Washing Machine | N24: 24000 | O24: 38
A25: Denver | B25: 29635 | D25: Denver | E25: 78 | G25: 215-314 | H25: 22 | M25: Grand Total | N25: 212815 | O25: 629
A26: Miami | B26: 28600 | D26: Miami | E26: 74 | G26: 315-414 | H26: 5
A27: Boston | B27: 25170 | D27: New York | E27: 70 | G27: 415-514 | H27: 16
A28: Houston | B28: 24380 | D28: Houston | E28: 70 | G28: 515-614 | H28: 8
A29: Dallas | B29: 19605 | D29: Boston | E29: 67 | G29: 715-814 | H29: 11
A30: New York | B30: 18665 | D30: Dallas | E30: 67 | G30: 915-1014 | H30: 6
A31: Chicago | B31: 17655 | D31: San Francisco | E31: 59 | G31: 1115-1214 | H31: 6
A32: Seattle | B32: 17490 | D32: Seattle | E32: 50 | G32: 1415-1514 | H32: 6
A33: Los Angeles | B33: 17020 | D33: Chicago | E33: 49 | G33: 1515-1614 | H33: 2
A34: San Francisco | B34: 14595 | D34: Los Angeles | E34: 45 | G34: 1715-1814 | H34: 3
A35: Grand Total | B35: 212815 | D35: Grand Total | E35: 629 | G35: 1915-2014 | H35: 5
G36: 2315-2414 | H36: 17
A37: Customer Name | B37: Total_sales | D37: Customer Name | E37: Quantity_ | G37: 2415-2514 | H37: 4
A38: Sophia Miller | B38: 8395 | D38: Emma Clark | E38: 90 | G38: 2915-3014 | H38: 2
A39: Daniel Harris | B39: 16495 | D39: Jane Smith | E39: 76 | G39: 3115-3214 | H39: 4
A40: Emily Johnson | B40: 17775 | D40: Olivia Wilson | E40: 74 | G40: 3515-3614 | H40: 5
A41: Chris White | B41: 18585 | D41: Michael Brown | E41: 70 | G41: 3915-4014 | H41: 4
A42: David Lee | B42: 20025 | D42: David Lee | E42: 60 | G42: 4715-4814 | H42: 4
A43: Michael Brown | B43: 20155 | D43: John Doe | E43: 58 | G43: 5915-6014 | H43: 2
A44: John Doe | B44: 22460 | D44: Daniel Harris | E44: 58 | G44: Grand Total | H44: 218
A45: Jane Smith | B45: 26885 | D45: Emily Johnson | E45: 56
A46: Emma Clark | B46: 29400 | D46: Chris White | E46: 51
A47: Olivia Wilson | B47: 32640 | D47: Sophia Miller | E47: 36
A48: Grand Total | B48: 212815 | D48: Grand Total | E48: 629
A50: Month | B50: Total_sales | D50: Month | E50: Quantity_
A51: 03 | B51: 71330 | D51: 01 | E51: 5
A52: 02 | B52: 66750 | D52: 02 | E52: 204
A53: 06 | B53: 16620 | D53: 03 | E53: 237
A54: 10 | B54: 14430 | D54: 04 | E54: 17
A55: 04 | B55: 12700 | D55: 05 | E55: 12
A56: 07 | B56: 10180 | D56: 06 | E56: 25
A57: 08 | B57: 4765 | D57: 07 | E57: 20
A58: 11 | B58: 4750 | D58: 08 | E58: 28
A59: 12 | B59: 4270 | D59: 09 | E59: 11
A60: 09 | B60: 3600 | D60: 10 | E60: 36
A61: 05 | B61: 2900 | D61: 11 | E61: 18
A62: 01 | B62: 520 | D62: 12 | E62: 16
A63: Grand Total | B63: 212815 | D63: Grand Total | E63: 629

Sheet Dashboard_tab1

Sheet Dashboard_tab2

Sheet Insights_and_Recomendations
A1: INSIGHT
A2: * Doanh thu tăng mạnh ở tháng 2 và tháng 3 với lần lượt doanh thu là 66750$ và 71330$, doanh thu tháng 2 và tháng 3 chiếm 65% tổng số doanh thu, trong khi đó doanh số giảm mạnh ở tháng 1 với doanh thu là 520$ trong khi các tháng khác doanh thu đều trên 2000$
A3: * Trong 5 nhóm sản phẩm mà công ty đang kinh doanh, hai nhóm sản phẩm mang lại doanh thu tốt nhất là Electronics và Home appliances với doanh thu lần lượt là 124115$ chiếm 58% tổng doanh thu và 81600$ chiếm 38,3% tổng doanh thu, riêng hai nhóm sản phẩm này đã chiếm hơn 96% tổng doanh thu, 3 nhóm sản phẩm còn lại là Footwear, clothing và books mang lại doanh thu rất thấp dao động từ 900$ - dưới 3000$, cả ba nhóm sản phẩm này mới chiếm đến 4% tổng doanh thu
A4: * Ba sản phẩm mà công ty đang kinh doanh tốt nhất là Refrigerator, Laptop và Smartphone, với lần lượt doanh thu là 64800,56000 và 39000. Ba sản phẩm phẩm đang có tình hình kinh doanh tệ nhất là Book, T-shift và running shoes với doanh thu lần lượt là 945$, 1000$ và 1960$
A5: * Top 3 khách hàng mua hàng nhiều nhất là Olivia Wilson, Emma Clark và Jane Smith với số tiền mua lần lượt là 32640$, 29400$ và 26885$
A6: * Tỷ lệ chờ để xử lý đơn hàng (trạng thái pend) rất cao lên đến 35%, tỷ lệ hủy hàng rất cao lên đến 30% điều đó dẫn đến tỷ lệ hoàn thành đơn hàng chỉ có 35% đây là con số rất thấp, điều này cho thấy hệ thống xử lý đơn hàng đang hoạt động rất kém hiệu quả, trong thương mại điện tử con số đạt yêu cầu là tỷ lệ hoàn thành đơn hàng phải trên 90% và tỷ lệ hủy và pend chỉ ở mức dưới 5%
A7: * Tỷ lẹ các thương thức thanh toán tương đương nhau, chênh nhau không quá nhiều cho thấy rằng khách hàng họ không ưu tiên sử dụng một phương thức thanh toán cụ thể nào cả, mà đa dạng về phương thức thanh toán
A8: * Doanh số tại các khu vực theo từng bang tương đương nhau, chênh lệch khá thấp, không có 1 bang nào vượt lên về doanh số, điều này cho thấy khách hàng của công ty phân bố và trải dài trên khắp tất cả các bang chứ không tạp trung riêng tại 1 bang nào cả
A9: * Các giao dịch mua hàng phần lớn có giá giao động từ 15$-300$, và nhiều nhất ở mức 15-100$,chỉ nguyên giao dịch ở khoảng 15$-300$ đã chiếm hơn 50% tổng số giao dịch, trên 300$ là các giao dịch giảm đi đang kể
A10: * Phân phối về giá sản phẩm thì đa dạng hơn, nó không tập chung nhiều tại 1 khoảng như giá giao dịch mà trải dài từ 15$ đến 1200$, có 1 số điểm nhiều hơn rõ ràng là ở mức 15$-34$ và 125$-154$ điều này là dễ hiểu vì nhìn vào sản lượng bán thì chủ yếu công ty bán được các sản phẩm Electronic và Home apliance nên là hai khoảng này hiều hơn là điều bình thường, còn lại giá sản phẩm trải dài từ 34$-1000$
A11: * Tổng sản lượng bán của home appliances và clothing đều chiếm khoảng 30% tổng sản lượng bán (88 và 90), thậm chí home appliances còn kém clothing 2 sản phẩm, tuy nhiên doanh thu của Home appliances lại chiếm đến gần 40% tổng doanh thu trong khi clothing chỉ chiếm có 1,2% tổng doanh số, điều này là bất thường vì đặc thù giá sản phẩm của cả đồ gia dụng và quần áo dều tương tương nhau thậm chí quần áo còn có giá cao hơn, điều này cho thấy tỷ lệ chuyển đổi của nhóm sản phẩm clothing là rất thấp
A13: RECOMENDATIONS
... A19: * Tháng 2 và tháng 3 doanh số tăng mạnh rất đáng ấn tượng, tuy nhiên doanh số các tháng khác thì lại rất thấp, doanh số tháng 1 thậm chí còn dưới 1000$, điều này là ko hợp lý vì sản phẩm của công ty là sản phẩm bán quanh năm, không phải loại sản phẩm bán theo màu vụ, cần nghiên cứu lại về thị trường, các chiến dịch marketing, để đảm bảo doanh số tăng đều phát triển bền vững
